date,day_of_week,meal_type,is_holiday_or_event,expected_attendance,actual_attendance,planned_prep_kg,actual_consumed_kg,discarded_kg,waste_percentage,is_high_waste,optimal_prep_kg
2025-01-01,Wednesday,breakfast,0,459,455,146.33,102.1,44.23,30.23,1,105.16
2025-01-01,Wednesday,lunch,0,606,614,275.52,264.5,11.02,4.0,0,272.44
2025-01-01,Wednesday,dinner,0,500,513,229.85,194.94,34.91,15.19,1,200.79
2025-01-02,Thursday,breakfast,1,433,376,133.76,123.15,10.61,7.93,0,126.84
2025-01-02,Thursday,lunch,1,582,591,256.86,211.46,45.4,17.67,1,217.8
2025-01-02,Thursday,dinner,1,469,454,220.84,209.68,11.16,5.05,0,215.97
2025-01-03,Friday,breakfast,0,398,400,125.77,99.99,25.78,20.5,1,102.99
2025-01-03,Friday,lunch,0,564,572,251.59,206.99,44.6,17.73,1,213.2
2025-01-03,Friday,dinner,0,463,438,210.55,176.93,33.62,15.97,1,182.24
2025-01-04,Saturday,breakfast,0,259,242,81.34,78.09,3.25,4.0,0,80.43
2025-01-04,Saturday,lunch,0,308,311,142.61,128.48,14.13,9.91,0,132.33
2025-01-04,Saturday,dinner,0,302,286,139.74,88.42,51.32,36.73,1,91.07
2025-01-05,Sunday,breakfast,0,243,255,75.01,56.99,18.02,24.02,1,58.7
2025-01-05,Sunday,lunch,0,339,348,154.36,148.19,6.17,4.0,0,152.64
2025-01-05,Sunday,dinner,0,269,264,129.82,83.01,46.81,36.06,1,85.5
2025-01-06,Monday,breakfast,0,484,479,149.89,124.29,25.6,17.08,1,128.02
2025-01-06,Monday,lunch,0,633,675,291.43,227.97,63.46,21.78,1,234.81
2025-01-06,Monday,dinner,0,522,547,246.62,236.76,9.86,4.0,0,243.86
2025-01-07,Tuesday,breakfast,0,464,500,145.75,130.03,15.72,10.79,0,133.93
2025-01-07,Tuesday,lunch,0,618,574,277.03,265.5,11.53,4.16,0,273.47
2025-01-07,Tuesday,dinner,0,522,531,243.98,193.68,50.3,20.62,1,199.49
2025-01-08,Wednesday,breakfast,1,482,476,147.5,123.12,24.38,16.53,1,126.81
2025-01-08,Wednesday,lunch,1,641,651,293.4,281.66,11.74,4.0,0,290.11
2025-01-08,Wednesday,dinner,1,533,524,243.74,233.99,9.75,4.0,0,241.01
2025-01-09,Thursday,breakfast,0,461,427,147.85,62.87,84.98,57.48,1,64.76
2025-01-09,Thursday,lunch,0,632,619,279.85,236.86,42.99,15.36,1,243.97
2025-01-09,Thursday,dinner,0,528,538,248.7,190.44,58.26,23.43,1,196.15
2025-01-10,Friday,breakfast,0,452,451,139.73,88.54,51.19,36.63,1,91.2
2025-01-10,Friday,lunch,0,567,636,245.88,236.04,9.84,4.0,0,243.12
2025-01-10,Friday,dinner,0,476,462,223.74,180.41,43.33,19.37,1,185.82
2025-01-11,Saturday,breakfast,1,402,417,123.7,100.04,23.66,19.13,1,103.04
2025-01-11,Saturday,lunch,1,533,570,239.39,229.81,9.58,4.0,0,236.7
2025-01-11,Saturday,dinner,1,409,397,186.08,178.64,7.44,4.0,0,184.0
2025-01-12,Sunday,breakfast,0,278,278,85.48,72.76,12.72,14.88,1,74.94
2025-01-12,Sunday,lunch,0,327,334,148.49,142.55,5.94,4.0,0,146.83
2025-01-12,Sunday,dinner,0,293,287,134.02,102.75,31.27,23.33,1,105.83
2025-01-13,Monday,breakfast,0,494,463,158.43,152.09,6.34,4.0,0,156.65
2025-01-13,Monday,lunch,0,687,675,316.51,261.66,54.85,17.33,1,269.51
2025-01-13,Monday,dinner,0,546,567,253.89,243.73,10.16,4.0,0,251.04
2025-01-14,Tuesday,breakfast,0,461,475,140.28,134.67,5.61,4.0,0,138.71
2025-01-14,Tuesday,lunch,0,644,620,278.31,254.5,23.81,8.56,0,262.13
2025-01-14,Tuesday,dinner,0,518,545,238.87,229.32,9.55,4.0,0,236.2
2025-01-15,Wednesday,breakfast,0,461,479,142.77,137.06,5.71,4.0,0,141.17
2025-01-15,Wednesday,lunch,0,666,680,299.82,287.83,11.99,4.0,0,296.46
2025-01-15,Wednesday,dinner,0,539,518,249.29,239.32,9.97,4.0,0,246.5
2025-01-16,Thursday,breakfast,0,477,505,149.62,143.64,5.98,4.0,0,147.95
2025-01-16,Thursday,lunch,0,637,723,279.16,247.42,31.74,11.37,0,254.84
2025-01-16,Thursday,dinner,0,566,567,260.11,232.69,27.42,10.54,0,239.67
2025-01-17,Friday,breakfast,1,430,445,130.18,121.84,8.34,6.41,0,125.5
2025-01-17,Friday,lunch,1,594,580,263.93,253.37,10.56,4.0,0,260.97
2025-01-17,Friday,dinner,1,483,503,221.84,212.97,8.87,4.0,0,219.36
2025-01-18,Saturday,breakfast,0,268,276,81.63,78.36,3.27,4.01,0,80.71
2025-01-18,Saturday,lunch,0,356,335,163.79,151.54,12.25,7.48,0,156.09
2025-01-18,Saturday,dinner,0,323,307,149.7,143.71,5.99,4.0,0,148.02
2025-01-19,Sunday,breakfast,0,277,284,89.14,79.86,9.28,10.41,0,82.26
2025-01-19,Sunday,lunch,0,373,399,168.89,159.77,9.12,5.4,0,164.56
2025-01-19,Sunday,dinner,0,321,331,155.2,112.32,42.88,27.63,1,115.69
2025-01-20,Monday,breakfast,0,455,458,137.96,108.64,29.32,21.25,1,111.9
2025-01-20,Monday,lunch,0,694,629,306.17,235.96,70.21,22.93,1,243.04
2025-01-20,Monday,dinner,0,552,527,260.07,208.99,51.08,19.64,1,215.26
2025-01-21,Tuesday,breakfast,0,472,488,149.32,143.35,5.97,4.0,0,147.65
2025-01-21,Tuesday,lunch,0,685,731,317.31,304.62,12.69,4.0,0,313.76
2025-01-21,Tuesday,dinner,0,511,515,245.44,200.28,45.16,18.4,1,206.29
2025-01-22,Wednesday,breakfast,0,453,435,138.75,133.2,5.55,4.0,0,137.2
2025-01-22,Wednesday,lunch,0,639,618,287.28,275.79,11.49,4.0,0,284.06
2025-01-22,Wednesday,dinner,0,576,586,273.11,262.19,10.92,4.0,0,270.06
2025-01-23,Thursday,breakfast,0,456,444,141.53,119.05,22.48,15.88,1,122.62
2025-01-23,Thursday,lunch,0,686,685,306.75,235.67,71.08,23.17,1,242.74
2025-01-23,Thursday,dinner,0,546,511,254.98,244.78,10.2,4.0,0,252.12
2025-01-24,Friday,breakfast,0,464,461,146.82,118.35,28.47,19.39,1,121.9
2025-01-24,Friday,lunch,0,607,607,275.02,235.43,39.59,14.4,1,242.49
2025-01-24,Friday,dinner,0,497,513,235.05,219.99,15.06,6.41,0,226.59
2025-01-25,Saturday,breakfast,0,299,280,93.49,88.02,5.47,5.85,0,90.66
2025-01-25,Saturday,lunch,0,358,365,165.03,143.62,21.41,12.97,1,147.93
2025-01-25,Saturday,dinner,0,309,299,140.9,135.26,5.64,4.0,0,139.32
2025-01-26,Sunday,breakfast,0,258,249,82.05,65.29,16.76,20.43,1,67.25
2025-01-26,Sunday,lunch,0,374,379,170.37,137.28,33.09,19.42,1,141.4
2025-01-26,Sunday,dinner,0,320,328,153.83,121.46,32.37,21.04,1,125.1
2025-01-27,Monday,breakfast,0,485,487,150.71,120.06,30.65,20.34,1,123.66
2025-01-27,Monday,lunch,0,671,723,306.07,270.13,35.94,11.74,0,278.23
2025-01-27,Monday,dinner,0,576,576,267.47,232.27,35.2,13.16,1,239.24
2025-01-28,Tuesday,breakfast,0,502,495,162.49,123.43,39.06,24.04,1,127.13
2025-01-28,Tuesday,lunch,0,648,667,293.04,195.08,97.96,33.43,1,200.93
2025-01-28,Tuesday,dinner,0,541,573,259.07,192.66,66.41,25.63,1,198.44
2025-01-29,Wednesday,breakfast,0,496,511,151.0,125.22,25.78,17.07,1,128.98
2025-01-29,Wednesday,lunch,0,645,577,296.96,285.08,11.88,4.0,0,293.63
2025-01-29,Wednesday,dinner,0,532,523,243.87,234.12,9.75,4.0,0,241.14
2025-01-30,Thursday,breakfast,0,510,498,163.61,144.52,19.09,11.67,0,148.86
2025-01-30,Thursday,lunch,0,634,641,275.61,264.59,11.02,4.0,0,272.53
2025-01-30,Thursday,dinner,0,537,519,245.09,235.29,9.8,4.0,0,242.35
2025-01-31,Friday,breakfast,0,440,472,137.24,125.03,12.21,8.9,0,128.78
2025-01-31,Friday,lunch,0,578,558,251.89,221.59,30.3,12.03,1,228.24
2025-01-31,Friday,dinner,0,498,477,238.38,216.79,21.59,9.06,0,223.29
2025-02-01,Saturday,breakfast,0,266,246,85.61,58.5,27.11,31.67,1,60.26
2025-02-01,Saturday,lunch,0,357,357,155.07,148.87,6.2,4.0,0,153.34
2025-02-01,Saturday,dinner,0,300,334,143.09,137.37,5.72,4.0,0,141.49
2025-02-02,Sunday,breakfast,1,426,409,134.4,112.25,22.15,16.48,1,115.62
2025-02-02,Sunday,lunch,1,530,491,232.15,219.5,12.65,5.45,0,226.09
2025-02-02,Sunday,dinner,1,392,381,185.5,109.01,76.49,41.23,1,112.28
2025-02-03,Monday,breakfast,0,484,497,148.12,142.2,5.92,4.0,0,146.47
2025-02-03,Monday,lunch,0,610,665,281.73,263.06,18.67,6.63,0,270.95
2025-02-03,Monday,dinner,0,535,542,249.52,186.01,63.51,25.45,1,191.59
2025-02-04,Tuesday,breakfast,0,473,502,147.43,137.83,9.6,6.51,0,141.96
2025-02-04,Tuesday,lunch,0,632,640,293.24,267.61,25.63,8.74,0,275.64
2025-02-04,Tuesday,dinner,0,539,540,258.42,214.97,43.45,16.81,1,221.42
2025-02-05,Wednesday,breakfast,0,442,411,140.31,126.08,14.23,10.14,0,129.86
2025-02-05,Wednesday,lunch,0,601,639,261.82,251.35,10.47,4.0,0,258.89
2025-02-05,Wednesday,dinner,0,578,581,278.73,267.58,11.15,4.0,0,275.61
2025-02-06,Thursday,breakfast,0,512,556,164.88,127.31,37.57,22.79,1,131.13
2025-02-06,Thursday,lunch,0,623,669,273.38,262.44,10.94,4.0,0,270.31
2025-02-06,Thursday,dinner,0,555,506,259.06,243.9,15.16,5.85,0,251.22
2025-02-07,Friday,breakfast,0,419,423,134.06,72.53,61.53,45.9,1,74.71
2025-02-07,Friday,lunch,0,595,553,273.46,220.71,52.75,19.29,1,227.33
2025-02-07,Friday,dinner,0,494,487,240.35,147.79,92.56,38.51,1,152.22
2025-02-08,Saturday,breakfast,0,215,214,68.07,58.6,9.47,13.91,1,60.36
2025-02-08,Saturday,lunch,0,341,322,151.08,138.22,12.86,8.51,0,142.37
2025-02-08,Saturday,dinner,0,289,302,137.57,117.4,20.17,14.66,1,120.92
2025-02-09,Sunday,breakfast,0,246,235,74.88,59.23,15.65,20.9,1,61.01
2025-02-09,Sunday,lunch,0,338,320,148.25,129.1,19.15,12.92,1,132.97
2025-02-09,Sunday,dinner,0,244,242,117.23,102.35,14.88,12.69,1,105.42
2025-02-10,Monday,breakfast,0,448,452,144.24,138.47,5.77,4.0,0,142.62
2025-02-10,Monday,lunch,0,604,581,264.97,252.6,12.37,4.67,0,260.18
2025-02-10,Monday,dinner,0,518,458,245.73,172.27,73.46,29.89,1,177.44
2025-02-11,Tuesday,breakfast,0,415,432,133.82,99.62,34.2,25.56,1,102.61
2025-02-11,Tuesday,lunch,0,674,711,293.48,281.74,11.74,4.0,0,290.19
2025-02-11,Tuesday,dinner,0,471,451,219.62,160.86,58.76,26.76,1,165.69
2025-02-12,Wednesday,breakfast,0,444,419,135.46,121.89,13.57,10.02,0,125.55
2025-02-12,Wednesday,lunch,0,628,661,281.31,270.06,11.25,4.0,0,278.16
2025-02-12,Wednesday,dinner,0,520,497,246.13,193.41,52.72,21.42,1,199.21
2025-02-13,Thursday,breakfast,0,486,476,150.92,117.37,33.55,22.23,1,120.89
2025-02-13,Thursday,lunch,0,624,683,276.68,265.61,11.07,4.0,0,273.58
2025-02-13,Thursday,dinner,0,517,507,237.17,204.48,32.69,13.78,1,210.61
2025-02-14,Friday,breakfast,0,394,384,120.79,91.61,29.18,24.16,1,94.36
2025-02-14,Friday,lunch,0,531,464,246.08,204.66,41.42,16.83,1,210.8
2025-02-14,Friday,dinner,0,456,435,221.7,189.93,31.77,14.33,1,195.63
2025-02-15,Saturday,breakfast,0,252,242,79.98,61.32,18.66,23.33,1,63.16
2025-02-15,Saturday,lunch,0,331,343,149.05,143.09,5.96,4.0,0,147.38
2025-02-15,Saturday,dinner,0,265,257,123.99,89.91,34.08,27.49,1,92.61
2025-02-16,Sunday,breakfast,0,213,213,64.96,43.41,21.55,33.17,1,44.71
2025-02-16,Sunday,lunch,0,344,324,153.9,134.8,19.1,12.41,1,138.84
2025-02-16,Sunday,dinner,0,266,266,123.67,100.51,23.16,18.73,1,103.53
2025-02-17,Monday,breakfast,0,460,485,145.24,139.43,5.81,4.0,0,143.61
2025-02-17,Monday,lunch,0,544,522,241.08,214.12,26.96,11.18,0,220.54
2025-02-17,Monday,dinner,0,506,518,243.83,234.08,9.75,4.0,0,241.1
2025-02-18,Tuesday,breakfast,0,449,439,137.81,115.93,21.88,15.88,1,119.41
2025-02-18,Tuesday,lunch,0,583,598,261.61,251.15,10.46,4.0,0,258.68
2025-02-18,Tuesday,dinner,0,518,509,241.8,204.87,36.93,15.27,1,211.02
2025-02-19,Wednesday,breakfast,0,466,450,144.06,75.82,68.24,47.37,1,78.09
2025-02-19,Wednesday,lunch,0,587,636,257.95,245.27,12.68,4.92,0,252.63
2025-02-19,Wednesday,dinner,0,515,537,244.41,229.13,15.28,6.25,0,236.0
2025-02-20,Thursday,breakfast,0,407,430,124.35,119.38,4.97,4.0,0,122.96
2025-02-20,Thursday,lunch,0,607,636,277.54,257.53,20.01,7.21,0,265.26
2025-02-20,Thursday,dinner,0,486,465,224.51,215.53,8.98,4.0,0,222.0
2025-02-21,Friday,breakfast,0,399,392,128.0,122.88,5.12,4.0,0,126.57
2025-02-21,Friday,lunch,0,516,490,236.08,183.43,52.65,22.3,1,188.93
2025-02-21,Friday,dinner,0,432,452,205.26,197.05,8.21,4.0,0,202.96
2025-02-22,Saturday,breakfast,0,246,269,75.78,61.08,14.7,19.4,1,62.91
2025-02-22,Saturday,lunch,0,307,309,136.56,131.1,5.46,4.0,0,135.03
2025-02-22,Saturday,dinner,0,282,281,129.37,121.57,7.8,6.03,0,125.22
2025-02-23,Sunday,breakfast,1,397,392,127.81,110.68,17.13,13.4,1,114.0
2025-02-23,Sunday,lunch,1,461,477,209.43,197.01,12.42,5.93,0,202.92
2025-02-23,Sunday,dinner,1,399,403,189.12,137.11,52.01,27.5,1,141.22
2025-02-24,Monday,breakfast,0,460,448,148.73,123.42,25.31,17.02,1,127.12
2025-02-24,Monday,lunch,0,586,660,260.63,250.2,10.43,4.0,0,257.71
2025-02-24,Monday,dinner,0,482,471,231.64,222.37,9.27,4.0,0,229.04
2025-02-25,Tuesday,breakfast,0,379,374,117.56,112.86,4.7,4.0,0,116.25
2025-02-25,Tuesday,lunch,0,561,607,246.38,201.81,44.57,18.09,1,207.86
2025-02-25,Tuesday,dinner,0,479,478,224.02,156.62,67.4,30.09,1,161.32
2025-02-26,Wednesday,breakfast,0,419,433,132.15,99.22,32.93,24.92,1,102.2
2025-02-26,Wednesday,lunch,0,576,552,267.21,215.35,51.86,19.41,1,221.81
2025-02-26,Wednesday,dinner,0,532,533,242.51,194.66,47.85,19.73,1,200.5
2025-02-27,Thursday,breakfast,0,435,432,133.4,124.31,9.09,6.81,0,128.04
2025-02-27,Thursday,lunch,0,562,546,252.94,242.82,10.12,4.0,0,250.1
2025-02-27,Thursday,dinner,0,425,380,200.77,126.6,74.17,36.94,1,130.4
2025-02-28,Friday,breakfast,0,371,364,119.35,99.19,20.16,16.89,1,102.17
2025-02-28,Friday,lunch,0,515,536,229.22,171.74,57.48,25.08,1,176.89
2025-02-28,Friday,dinner,0,447,475,203.17,176.08,27.09,13.33,1,181.36
2025-03-01,Saturday,breakfast,0,216,217,66.18,59.35,6.83,10.32,0,61.13
2025-03-01,Saturday,lunch,0,283,293,123.16,118.23,4.93,4.0,0,121.78
2025-03-01,Saturday,dinner,0,242,244,113.0,106.8,6.2,5.49,0,110.0
2025-03-02,Sunday,breakfast,0,208,214,64.27,42.05,22.22,34.57,1,43.31
2025-03-02,Sunday,lunch,0,341,319,151.46,111.98,39.48,26.07,1,115.34
2025-03-02,Sunday,dinner,0,229,235,108.68,104.33,4.35,4.0,0,107.46
2025-03-03,Monday,breakfast,0,373,340,120.72,85.94,34.78,28.81,1,88.52
2025-03-03,Monday,lunch,0,545,555,250.59,240.57,10.02,4.0,0,247.79
2025-03-03,Monday,dinner,0,471,463,214.0,205.44,8.56,4.0,0,211.6
2025-03-04,Tuesday,breakfast,0,421,385,133.28,95.81,37.47,28.11,1,98.68
2025-03-04,Tuesday,lunch,0,545,509,240.19,206.68,33.51,13.95,1,212.88
2025-03-04,Tuesday,dinner,0,474,450,219.37,210.6,8.77,4.0,0,216.92
2025-03-05,Wednesday,breakfast,0,429,418,129.84,124.65,5.19,4.0,0,128.39
2025-03-05,Wednesday,lunch,0,558,585,251.78,198.77,53.01,21.05,1,204.73
2025-03-05,Wednesday,dinner,0,480,476,223.91,214.95,8.96,4.0,0,221.4
2025-03-06,Thursday,breakfast,0,401,401,122.76,105.3,17.46,14.22,1,108.46
2025-03-06,Thursday,lunch,0,555,515,246.67,223.95,22.72,9.21,0,230.67
2025-03-06,Thursday,dinner,0,450,419,214.99,192.81,22.18,10.32,0,198.59
2025-03-07,Friday,breakfast,0,336,370,108.66,97.97,10.69,9.84,0,100.91
2025-03-07,Friday,lunch,0,478,494,206.97,198.69,8.28,4.0,0,204.65
2025-03-07,Friday,dinner,0,391,390,185.2,145.82,39.38,21.26,1,150.19
2025-03-08,Saturday,breakfast,0,250,241,76.2,69.65,6.55,8.6,0,71.74
2025-03-08,Saturday,lunch,0,296,325,131.99,126.71,5.28,4.0,0,130.51
2025-03-08,Saturday,dinner,0,271,263,130.2,90.43,39.77,30.55,1,93.14
2025-03-09,Sunday,breakfast,0,245,223,74.59,71.61,2.98,4.0,0,73.76
2025-03-09,Sunday,lunch,0,301,310,131.82,126.55,5.27,4.0,0,130.35
2025-03-09,Sunday,dinner,0,259,269,123.22,118.29,4.93,4.0,0,121.84
2025-03-10,Monday,breakfast,0,429,438,132.13,89.21,42.92,32.48,1,91.89
2025-03-10,Monday,lunch,0,549,571,237.76,228.25,9.51,4.0,0,235.1
2025-03-10,Monday,dinner,0,446,469,216.16,207.51,8.65,4.0,0,213.74
2025-03-11,Tuesday,breakfast,0,411,401,131.92,126.64,5.28,4.0,0,130.44
2025-03-11,Tuesday,lunch,0,552,539,242.53,181.89,60.64,25.0,1,187.35
2025-03-11,Tuesday,dinner,0,493,486,228.85,208.71,20.14,8.8,0,214.97
2025-03-12,Wednesday,breakfast,0,442,446,136.82,131.35,5.47,4.0,0,135.29
2025-03-12,Wednesday,lunch,0,556,518,240.63,225.4,15.23,6.33,0,232.16
2025-03-12,Wednesday,dinner,0,469,493,227.54,218.44,9.1,4.0,0,224.99
2025-03-13,Thursday,breakfast,1,400,389,126.58,60.59,65.99,52.13,1,62.41
2025-03-13,Thursday,lunch,1,543,582,241.9,202.33,39.57,16.36,1,208.4
2025-03-13,Thursday,dinner,1,485,477,224.68,173.47,51.21,22.79,1,178.67
2025-03-14,Friday,breakfast,0,353,339,107.08,62.14,44.94,41.97,1,64.0
2025-03-14,Friday,lunch,0,473,447,218.71,197.11,21.6,9.88,0,203.02
2025-03-14,Friday,dinner,0,442,437,214.52,205.94,8.58,4.0,0,212.12
2025-03-15,Saturday,breakfast,0,215,227,67.49,64.79,2.7,4.0,0,66.73
2025-03-15,Saturday,lunch,0,291,283,127.77,122.63,5.14,4.02,0,126.31
2025-03-15,Saturday,dinner,0,246,239,119.6,97.57,22.03,18.42,1,100.5
2025-03-16,Sunday,breakfast,1,362,351,115.11,104.31,10.8,9.38,0,107.44
2025-03-16,Sunday,lunch,1,437,421,196.29,150.63,45.66,23.26,1,155.15
2025-03-16,Sunday,dinner,1,409,445,186.78,175.61,11.17,5.98,0,180.88
2025-03-17,Monday,breakfast,0,429,440,135.02,129.62,5.4,4.0,0,133.51
2025-03-17,Monday,lunch,0,553,530,245.49,235.67,9.82,4.0,0,242.74
2025-03-17,Monday,dinner,0,454,434,209.29,182.03,27.26,13.02,1,187.49
2025-03-18,Tuesday,breakfast,0,408,412,131.16,43.66,87.5,66.71,1,44.97
2025-03-18,Tuesday,lunch,0,541,573,239.73,230.14,9.59,4.0,0,237.04
2025-03-18,Tuesday,dinner,0,488,533,225.74,216.71,9.03,4.0,0,223.21
2025-03-19,Wednesday,breakfast,0,426,445,137.1,131.62,5.48,4.0,0,135.57
2025-03-19,Wednesday,lunch,0,577,591,262.14,251.65,10.49,4.0,0,259.2
2025-03-19,Wednesday,dinner,0,507,490,244.98,222.28,22.7,9.27,0,228.95
2025-03-20,Thursday,breakfast,0,418,421,129.54,103.37,26.17,20.2,1,106.47
2025-03-20,Thursday,lunch,0,572,583,256.39,246.13,10.26,4.0,0,253.51
2025-03-20,Thursday,dinner,0,482,483,228.87,219.72,9.15,4.0,0,226.31
2025-03-21,Friday,breakfast,0,355,381,108.2,103.87,4.33,4.0,0,106.99
2025-03-21,Friday,lunch,0,514,554,237.89,228.37,9.52,4.0,0,235.22
2025-03-21,Friday,dinner,0,404,407,184.18,176.81,7.37,4.0,0,182.11
2025-03-22,Saturday,breakfast,1,362,343,110.01,65.0,45.01,40.91,1,66.95
2025-03-22,Saturday,lunch,1,473,461,217.53,187.94,29.59,13.6,1,193.58
2025-03-22,Saturday,dinner,1,375,382,179.65,156.94,22.71,12.64,1,161.65
2025-03-23,Sunday,breakfast,0,194,201,60.6,58.18,2.42,3.99,0,59.93
2025-03-23,Sunday,lunch,0,285,253,124.61,111.05,13.56,10.88,0,114.38
2025-03-23,Sunday,dinner,0,286,302,132.36,127.07,5.29,4.0,0,130.88
2025-03-24,Monday,breakfast,0,443,440,138.13,96.2,41.93,30.36,1,99.09
2025-03-24,Monday,lunch,0,607,634,266.69,245.74,20.95,7.86,0,253.11
2025-03-24,Monday,dinner,0,462,495,222.98,214.06,8.92,4.0,0,220.48
2025-03-25,Tuesday,breakfast,0,432,437,138.15,117.33,20.82,15.07,1,120.85
2025-03-25,Tuesday,lunch,0,588,601,268.34,206.35,61.99,23.1,1,212.54
2025-03-25,Tuesday,dinner,0,496,526,233.01,223.69,9.32,4.0,0,230.4
2025-03-26,Wednesday,breakfast,0,421,458,129.2,111.27,17.93,13.88,1,114.61
2025-03-26,Wednesday,lunch,0,579,532,264.91,230.83,34.08,12.86,1,237.75
2025-03-26,Wednesday,dinner,0,484,438,219.73,178.65,41.08,18.7,1,184.01
2025-03-27,Thursday,breakfast,0,423,475,130.68,121.22,9.46,7.24,0,124.86
2025-03-27,Thursday,lunch,0,598,610,273.26,243.12,30.14,11.03,0,250.41
2025-03-27,Thursday,dinner,0,484,477,235.59,186.87,48.72,20.68,1,192.48
2025-03-28,Friday,breakfast,0,396,373,125.23,114.23,11.0,8.78,0,117.66
2025-03-28,Friday,lunch,0,563,538,249.53,216.42,33.11,13.27,1,222.91
2025-03-28,Friday,dinner,0,429,422,202.78,194.67,8.11,4.0,0,200.51
2025-03-29,Saturday,breakfast,0,255,248,77.71,63.92,13.79,17.75,1,65.84
2025-03-29,Saturday,lunch,0,352,368,152.42,146.32,6.1,4.0,0,150.71
2025-03-29,Saturday,dinner,0,282,287,135.51,130.09,5.42,4.0,0,133.99
2025-03-30,Sunday,breakfast,0,266,258,80.92,73.72,7.2,8.9,0,75.93
2025-03-30,Sunday,lunch,0,345,341,156.15,149.9,6.25,4.0,0,154.4
2025-03-30,Sunday,dinner,0,312,315,142.38,109.55,32.83,23.06,1,112.84
2025-03-31,Monday,breakfast,0,437,450,137.03,131.55,5.48,4.0,0,135.5
2025-03-31,Monday,lunch,0,631,644,277.2,214.02,63.18,22.79,1,220.44
2025-03-31,Monday,dinner,0,518,504,235.5,219.15,16.35,6.94,0,225.72
2025-04-01,Tuesday,breakfast,0,444,406,142.9,132.62,10.28,7.19,0,136.6
2025-04-01,Tuesday,lunch,0,617,559,273.87,193.36,80.51,29.4,1,199.16
2025-04-01,Tuesday,dinner,0,514,540,240.73,222.82,17.91,7.44,0,229.5
2025-04-02,Wednesday,breakfast,0,487,447,153.73,112.36,41.37,26.91,1,115.73
2025-04-02,Wednesday,lunch,0,632,675,287.85,276.34,11.51,4.0,0,284.63
2025-04-02,Wednesday,dinner,0,498,506,234.13,202.2,31.93,13.64,1,208.27
2025-04-03,Thursday,breakfast,0,465,456,145.25,76.74,68.51,47.17,1,79.04
2025-04-03,Thursday,lunch,0,610,574,271.15,240.59,30.56,11.27,0,247.81
2025-04-03,Thursday,dinner,0,489,517,234.52,160.83,73.69,31.42,1,165.65
2025-04-04,Friday,breakfast,0,406,363,130.31,106.25,24.06,18.46,1,109.44
2025-04-04,Friday,lunch,0,517,505,233.55,176.6,56.95,24.38,1,181.9
2025-04-04,Friday,dinner,0,477,497,223.97,215.01,8.96,4.0,0,221.46
2025-04-05,Saturday,breakfast,0,260,265,82.03,70.18,11.85,14.45,1,72.29
2025-04-05,Saturday,lunch,0,344,338,149.24,124.03,25.21,16.89,1,127.75
2025-04-05,Saturday,dinner,0,301,301,136.93,123.66,13.27,9.69,0,127.37
2025-04-06,Sunday,breakfast,0,233,230,73.11,69.56,3.55,4.86,0,71.65
2025-04-06,Sunday,lunch,0,357,363,159.42,99.44,59.98,37.62,1,102.42
2025-04-06,Sunday,dinner,0,347,331,157.75,148.37,9.38,5.95,0,152.82
2025-04-07,Monday,breakfast,0,487,461,149.47,135.45,14.02,9.38,0,139.51
2025-04-07,Monday,lunch,0,606,638,265.23,248.92,16.31,6.15,0,256.39
2025-04-07,Monday,dinner,0,544,557,264.02,232.74,31.28,11.85,0,239.72
2025-04-08,Tuesday,breakfast,0,507,531,159.8,153.41,6.39,4.0,0,158.01
2025-04-08,Tuesday,lunch,0,645,683,283.09,228.55,54.54,19.27,1,235.41
2025-04-08,Tuesday,dinner,0,562,540,267.35,238.01,29.34,10.97,0,245.15
2025-04-09,Wednesday,breakfast,0,468,475,150.65,141.09,9.56,6.35,0,145.32
2025-04-09,Wednesday,lunch,0,654,672,290.99,279.35,11.64,4.0,0,287.73
2025-04-09,Wednesday,dinner,0,555,520,266.81,244.66,22.15,8.3,0,252.0
2025-04-10,Thursday,breakfast,1,484,515,147.66,137.47,10.19,6.9,0,141.59
2025-04-10,Thursday,lunch,1,625,625,276.49,202.07,74.42,26.92,1,208.13
2025-04-10,Thursday,dinner,1,501,478,234.81,225.42,9.39,4.0,0,232.18
2025-04-11,Friday,breakfast,0,413,385,126.99,111.07,15.92,12.54,1,114.4
2025-04-11,Friday,lunch,0,554,584,247.54,237.64,9.9,4.0,0,244.77
2025-04-11,Friday,dinner,0,503,494,236.93,191.77,45.16,19.06,1,197.52
2025-04-12,Saturday,breakfast,1,380,358,118.31,72.8,45.51,38.47,1,74.98
2025-04-12,Saturday,lunch,1,527,591,237.92,228.4,9.52,4.0,0,235.25
2025-04-12,Saturday,dinner,1,442,436,214.26,195.09,19.17,8.95,0,200.94
2025-04-13,Sunday,breakfast,0,247,243,77.38,57.46,19.92,25.74,1,59.18
2025-04-13,Sunday,lunch,0,330,346,148.25,125.58,22.67,15.29,1,129.35
2025-04-13,Sunday,dinner,0,316,291,150.94,109.93,41.01,27.17,1,113.23
2025-04-14,Monday,breakfast,0,447,443,141.99,120.51,21.48,15.13,1,124.13
2025-04-14,Monday,lunch,0,641,598,291.46,244.96,46.5,15.95,1,252.31
2025-04-14,Monday,dinner,0,524,560,247.37,232.25,15.12,6.11,0,239.22
2025-04-15,Tuesday,breakfast,0,483,472,156.35,150.1,6.25,4.0,0,154.6
2025-04-15,Tuesday,lunch,0,648,638,284.33,270.56,13.77,4.84,0,278.68
2025-04-15,Tuesday,dinner,0,516,561,248.62,224.81,23.81,9.58,0,231.55
2025-04-16,Wednesday,breakfast,1,497,515,153.35,126.15,27.2,17.74,1,129.93
2025-04-16,Wednesday,lunch,1,637,676,288.79,277.24,11.55,4.0,0,285.56
2025-04-16,Wednesday,dinner,1,530,588,243.4,196.01,47.39,19.47,1,201.89
2025-04-17,Thursday,breakfast,0,495,505,152.09,146.01,6.08,4.0,0,150.39
2025-04-17,Thursday,lunch,0,676,624,300.49,259.62,40.87,13.6,1,267.41
2025-04-17,Thursday,dinner,0,545,615,265.3,254.69,10.61,4.0,0,262.33
2025-04-18,Friday,breakfast,0,420,389,133.76,71.71,62.05,46.39,1,73.86
2025-04-18,Friday,lunch,0,592,640,260.94,213.73,47.21,18.09,1,220.14
2025-04-18,Friday,dinner,0,479,464,225.63,188.46,37.17,16.47,1,194.11
2025-04-19,Saturday,breakfast,0,271,249,87.29,75.48,11.81,13.53,1,77.74
2025-04-19,Saturday,lunch,0,398,374,180.46,121.92,58.54,32.44,1,125.58
2025-04-19,Saturday,dinner,0,335,342,157.19,145.95,11.24,7.15,0,150.33
2025-04-20,Sunday,breakfast,0,253,240,79.54,74.75,4.79,6.02,0,76.99
2025-04-20,Sunday,lunch,0,354,338,161.49,155.03,6.46,4.0,0,159.68
2025-04-20,Sunday,dinner,0,278,270,127.52,86.8,40.72,31.93,1,89.4
2025-04-21,Monday,breakfast,0,511,514,160.49,124.67,35.82,22.32,1,128.41
2025-04-21,Monday,lunch,0,653,635,299.36,267.78,31.58,10.55,0,275.81
2025-04-21,Monday,dinner,0,565,592,256.97,204.27,52.7,20.51,1,210.4
2025-04-22,Tuesday,breakfast,0,468,451,151.35,120.89,30.46,20.13,1,124.52
2025-04-22,Tuesday,lunch,0,612,627,272.16,261.27,10.89,4.0,0,269.11
2025-04-22,Tuesday,dinner,0,529,551,248.79,232.63,16.16,6.5,0,239.61
2025-04-23,Wednesday,breakfast,0,488,485,151.73,145.66,6.07,4.0,0,150.03
2025-04-23,Wednesday,lunch,0,660,643,293.63,248.08,45.55,15.51,1,255.52
2025-04-23,Wednesday,dinner,0,562,536,261.46,227.02,34.44,13.17,1,233.83
2025-04-24,Thursday,breakfast,0,490,484,157.64,140.3,17.34,11.0,0,144.51
2025-04-24,Thursday,lunch,0,648,674,292.51,243.3,49.21,16.82,1,250.6
2025-04-24,Thursday,dinner,0,562,491,257.69,208.42,49.27,19.12,1,214.67
2025-04-25,Friday,breakfast,0,425,421,128.77,123.62,5.15,4.0,0,127.33
2025-04-25,Friday,lunch,0,585,532,262.19,192.16,70.03,26.71,1,197.92
2025-04-25,Friday,dinner,0,477,473,226.64,216.54,10.1,4.46,0,223.04
2025-04-26,Saturday,breakfast,0,242,230,73.51,69.2,4.31,5.86,0,71.28
2025-04-26,Saturday,lunch,0,352,378,152.72,138.42,14.3,9.36,0,142.57
2025-04-26,Saturday,dinner,0,295,289,134.81,107.08,27.73,20.57,1,110.29
2025-04-27,Sunday,breakfast,0,259,261,81.28,53.06,28.22,34.72,1,54.65
2025-04-27,Sunday,lunch,0,374,383,166.67,160.0,6.67,4.0,0,164.8
2025-04-27,Sunday,dinner,0,275,271,128.14,123.01,5.13,4.0,0,126.7
2025-04-28,Monday,breakfast,0,478,498,144.67,138.88,5.79,4.0,0,143.05
2025-04-28,Monday,lunch,0,635,552,274.71,249.39,25.32,9.22,0,256.87
2025-04-28,Monday,dinner,0,534,536,246.08,183.15,62.93,25.57,1,188.64
2025-04-29,Tuesday,breakfast,0,484,498,147.55,90.63,56.92,38.58,1,93.35
2025-04-29,Tuesday,lunch,0,687,646,303.92,256.85,47.07,15.49,1,264.56
2025-04-29,Tuesday,dinner,0,545,591,254.1,212.03,42.07,16.56,1,218.39
2025-04-30,Wednesday,breakfast,0,437,443,141.5,128.63,12.87,9.1,0,132.49
2025-04-30,Wednesday,lunch,0,630,662,286.03,201.28,84.75,29.63,1,207.32
2025-04-30,Wednesday,dinner,0,539,536,256.03,245.79,10.24,4.0,0,253.16
2025-05-01,Thursday,breakfast,0,497,504,157.38,124.98,32.4,20.59,1,128.73
2025-05-01,Thursday,lunch,0,646,607,294.32,245.08,49.24,16.73,1,252.43
2025-05-01,Thursday,dinner,0,586,590,266.63,255.96,10.67,4.0,0,263.64
2025-05-02,Friday,breakfast,0,423,406,130.72,125.49,5.23,4.0,0,129.25
2025-05-02,Friday,lunch,0,600,580,271.9,216.29,55.61,20.45,1,222.78
2025-05-02,Friday,dinner,0,481,487,230.54,180.41,50.13,21.74,1,185.82
2025-05-03,Saturday,breakfast,0,283,272,89.54,59.12,30.42,33.97,1,60.89
2025-05-03,Saturday,lunch,0,341,345,155.76,118.84,36.92,23.7,1,122.41
2025-05-03,Saturday,dinner,0,307,340,139.69,134.1,5.59,4.0,0,138.12
2025-05-04,Sunday,breakfast,0,298,309,94.5,90.72,3.78,4.0,0,93.44
2025-05-04,Sunday,lunch,0,343,328,158.36,119.49,38.87,24.55,1,123.07
2025-05-04,Sunday,dinner,0,272,248,128.98,70.34,58.64,45.46,1,72.45
2025-05-05,Monday,breakfast,0,471,464,151.79,98.82,52.97,34.9,1,101.78
2025-05-05,Monday,lunch,0,652,661,299.33,274.95,24.38,8.14,0,283.2
2025-05-05,Monday,dinner,0,535,542,256.25,246.0,10.25,4.0,0,253.38
2025-05-06,Tuesday,breakfast,0,471,491,149.35,143.38,5.97,4.0,0,147.68
2025-05-06,Tuesday,lunch,0,635,593,294.33,233.84,60.49,20.55,1,240.86
2025-05-06,Tuesday,dinner,0,535,556,246.51,236.65,9.86,4.0,0,243.75
2025-05-07,Wednesday,breakfast,0,496,496,158.13,151.8,6.33,4.0,0,156.35
2025-05-07,Wednesday,lunch,0,650,588,292.55,237.97,54.58,18.66,1,245.11
2025-05-07,Wednesday,dinner,0,549,559,260.76,210.43,50.33,19.3,1,216.74
2025-05-08,Thursday,breakfast,0,479,473,147.5,131.98,15.52,10.52,0,135.94
2025-05-08,Thursday,lunch,0,621,594,284.17,246.89,37.28,13.12,1,254.3
2025-05-08,Thursday,dinner,0,504,522,231.8,222.53,9.27,4.0,0,229.21
2025-05-09,Friday,breakfast,0,444,430,139.78,89.23,50.55,36.16,1,91.91
2025-05-09,Friday,lunch,0,538,525,247.51,184.16,63.35,25.59,1,189.68
2025-05-09,Friday,dinner,0,511,500,247.01,150.54,96.47,39.06,1,155.06
2025-05-10,Saturday,breakfast,0,284,307,85.9,74.43,11.47,13.35,1,76.66
2025-05-10,Saturday,lunch,0,310,329,141.8,135.18,6.62,4.67,0,139.24
2025-05-10,Saturday,dinner,0,273,303,124.43,119.45,4.98,4.0,0,123.03
2025-05-11,Sunday,breakfast,0,285,313,89.76,86.17,3.59,4.0,0,88.76
2025-05-11,Sunday,lunch,0,358,346,164.11,155.59,8.52,5.19,0,160.26
2025-05-11,Sunday,dinner,0,272,271,123.91,118.95,4.96,4.0,0,122.52
2025-05-12,Monday,breakfast,0,446,467,140.04,134.44,5.6,4.0,0,138.47
2025-05-12,Monday,lunch,0,590,584,261.08,204.05,57.03,21.84,1,210.17
2025-05-12,Monday,dinner,0,518,530,247.77,171.94,75.83,30.6,1,177.1
2025-05-13,Tuesday,breakfast,0,437,477,138.38,125.22,13.16,9.51,0,128.98
2025-05-13,Tuesday,lunch,0,615,650,273.23,248.14,25.09,9.18,0,255.58
2025-05-13,Tuesday,dinner,0,556,598,255.65,192.1,63.55,24.86,1,197.86
2025-05-14,Wednesday,breakfast,0,431,419,135.34,129.93,5.41,4.0,0,133.83
2025-05-14,Wednesday,lunch,0,612,607,269.46,258.68,10.78,4.0,0,266.44
2025-05-14,Wednesday,dinner,0,511,501,245.57,224.51,21.06,8.58,0,231.25
2025-05-15,Thursday,breakfast,0,428,366,130.71,106.24,24.47,18.72,1,109.43
2025-05-15,Thursday,lunch,0,595,509,270.93,198.69,72.24,26.66,1,204.65
2025-05-15,Thursday,dinner,0,500,511,237.05,227.57,9.48,4.0,0,234.4
2025-05-16,Friday,breakfast,0,393,399,119.45,114.14,5.31,4.45,0,117.56
2025-05-16,Friday,lunch,0,537,531,236.48,223.71,12.77,5.4,0,230.42
2025-05-16,Friday,dinner,0,454,434,217.52,154.24,63.28,29.09,1,158.87
2025-05-17,Saturday,breakfast,0,276,272,83.87,69.01,14.86,17.72,1,71.08
2025-05-17,Saturday,lunch,0,328,329,146.01,109.27,36.74,25.16,1,112.55
2025-05-17,Saturday,dinner,0,293,288,133.12,125.94,7.18,5.39,0,129.72
2025-05-18,Sunday,breakfast,0,246,254,74.68,71.69,2.99,4.0,0,73.84
2025-05-18,Sunday,lunch,0,295,287,134.34,95.68,38.66,28.78,1,98.55
2025-05-18,Sunday,dinner,0,289,269,140.53,134.91,5.62,4.0,0,138.96
2025-05-19,Monday,breakfast,0,410,433,125.03,112.0,13.03,10.42,0,115.36
2025-05-19,Monday,lunch,0,579,597,260.53,222.7,37.83,14.52,1,229.38
2025-05-19,Monday,dinner,0,481,482,232.08,192.47,39.61,17.07,1,198.24
2025-05-20,Tuesday,breakfast,0,443,451,134.77,129.38,5.39,4.0,0,133.26
2025-05-20,Tuesday,lunch,0,565,482,247.08,179.83,67.25,27.22,1,185.22
2025-05-20,Tuesday,dinner,0,539,586,254.37,203.69,50.68,19.92,1,209.8
2025-05-21,Wednesday,breakfast,0,437,421,140.04,104.26,35.78,25.55,1,107.39
2025-05-21,Wednesday,lunch,0,581,562,255.8,245.12,10.68,4.18,0,252.47
2025-05-21,Wednesday,dinner,0,485,461,232.33,146.95,85.38,36.75,1,151.36
2025-05-22,Thursday,breakfast,0,436,428,136.25,130.78,5.47,4.01,0,134.7
2025-05-22,Thursday,lunch,0,597,594,268.2,202.91,65.29,24.34,1,209.0
2025-05-22,Thursday,dinner,0,492,517,229.46,220.28,9.18,4.0,0,226.89
2025-05-23,Friday,breakfast,0,391,362,120.75,107.92,12.83,10.63,0,111.16
2025-05-23,Friday,lunch,0,546,578,242.79,233.08,9.71,4.0,0,240.07
2025-05-23,Friday,dinner,0,442,460,202.84,194.73,8.11,4.0,0,200.57
2025-05-24,Saturday,breakfast,0,249,259,80.35,66.98,13.37,16.64,1,68.99
2025-05-24,Saturday,lunch,0,309,302,135.31,126.2,9.11,6.73,0,129.99
2025-05-24,Saturday,dinner,0,283,280,134.22,94.8,39.42,29.37,1,97.64
2025-05-25,Sunday,breakfast,0,236,252,76.48,73.42,3.06,4.0,0,75.62
2025-05-25,Sunday,lunch,0,313,330,136.88,131.4,5.48,4.0,0,135.34
2025-05-25,Sunday,dinner,0,263,275,120.73,115.9,4.83,4.0,0,119.38
2025-05-26,Monday,breakfast,0,420,457,135.38,129.96,5.42,4.0,0,133.86
2025-05-26,Monday,lunch,0,571,560,250.1,233.1,17.0,6.8,0,240.09
2025-05-26,Monday,dinner,0,488,532,226.51,217.45,9.06,4.0,0,223.97
2025-05-27,Tuesday,breakfast,0,450,447,140.71,123.12,17.59,12.5,1,126.81
2025-05-27,Tuesday,lunch,0,521,508,227.97,218.85,9.12,4.0,0,225.42
2025-05-27,Tuesday,dinner,0,497,510,227.12,194.02,33.1,14.57,1,199.84
2025-05-28,Wednesday,breakfast,0,414,400,132.14,71.41,60.73,45.96,1,73.55
2025-05-28,Wednesday,lunch,0,587,631,260.2,248.5,11.7,4.5,0,255.96
2025-05-28,Wednesday,dinner,0,503,503,230.29,216.03,14.26,6.19,0,222.51
2025-05-29,Thursday,breakfast,0,397,420,126.16,109.16,17.0,13.47,1,112.43
2025-05-29,Thursday,lunch,0,571,556,258.42,248.08,10.34,4.0,0,255.52
2025-05-29,Thursday,dinner,0,479,525,222.19,213.3,8.89,4.0,0,219.7
2025-05-30,Friday,breakfast,0,350,362,111.05,106.61,4.44,4.0,0,109.81
2025-05-30,Friday,lunch,0,511,504,231.72,172.38,59.34,25.61,1,177.55
2025-05-30,Friday,dinner,0,430,393,207.54,102.42,105.12,50.65,1,105.49
2025-05-31,Saturday,breakfast,0,186,193,60.32,52.23,8.09,13.41,1,53.8
2025-05-31,Saturday,lunch,0,287,283,131.87,120.36,11.51,8.73,0,123.97
2025-05-31,Saturday,dinner,0,270,266,129.31,124.14,5.17,4.0,0,127.86
2025-06-01,Sunday,breakfast,0,218,225,66.47,58.65,7.82,11.76,0,60.41
2025-06-01,Sunday,lunch,0,313,341,136.18,97.83,38.35,28.16,1,100.76
2025-06-01,Sunday,dinner,0,254,233,117.77,110.57,7.2,6.11,0,113.89
2025-06-02,Monday,breakfast,0,434,471,139.92,134.32,5.6,4.0,0,138.35
2025-06-02,Monday,lunch,0,541,543,250.95,201.98,48.97,19.51,1,208.04
2025-06-02,Monday,dinner,0,472,499,215.11,206.51,8.6,4.0,0,212.71
2025-06-03,Tuesday,breakfast,0,438,443,140.59,134.97,5.62,4.0,0,139.02
2025-06-03,Tuesday,lunch,0,556,583,249.4,169.89,79.51,31.88,1,174.99
2025-06-03,Tuesday,dinner,0,456,489,216.06,193.33,22.73,10.52,0,199.13
2025-06-04,Wednesday,breakfast,0,411,430,129.88,124.68,5.2,4.0,0,128.42
2025-06-04,Wednesday,lunch,0,586,556,262.76,248.52,14.24,5.42,0,255.98
2025-06-04,Wednesday,dinner,0,464,444,218.07,199.67,18.4,8.44,0,205.66
2025-06-05,Thursday,breakfast,0,416,446,130.52,125.3,5.22,4.0,0,129.06
2025-06-05,Thursday,lunch,0,538,543,236.8,202.88,33.92,14.32,1,208.97
2025-06-05,Thursday,dinner,0,424,419,195.12,115.33,79.79,40.89,1,118.79
2025-06-06,Friday,breakfast,0,341,353,104.7,95.22,9.48,9.05,0,98.08
2025-06-06,Friday,lunch,0,496,522,223.35,190.71,32.64,14.61,1,196.43
2025-06-06,Friday,dinner,0,384,386,186.2,141.07,45.13,24.24,1,145.3
2025-06-07,Saturday,breakfast,1,326,311,101.1,91.26,9.84,9.73,0,94.0
2025-06-07,Saturday,lunch,1,462,462,206.88,173.74,33.14,16.02,1,178.95
2025-06-07,Saturday,dinner,1,361,336,168.74,97.42,71.32,42.27,1,100.34
2025-06-08,Sunday,breakfast,0,232,237,73.32,70.39,2.93,4.0,0,72.5
2025-06-08,Sunday,lunch,0,292,294,132.56,106.76,25.8,19.46,1,109.96
2025-06-08,Sunday,dinner,0,252,240,118.17,85.88,32.29,27.33,1,88.46
2025-06-09,Monday,breakfast,0,407,437,123.72,111.63,12.09,9.77,0,114.98
2025-06-09,Monday,lunch,0,546,528,252.33,242.24,10.09,4.0,0,249.51
2025-06-09,Monday,dinner,0,491,519,222.88,154.98,67.9,30.46,1,159.63
2025-06-10,Tuesday,breakfast,0,427,431,134.98,128.9,6.08,4.5,0,132.77
2025-06-10,Tuesday,lunch,0,563,564,245.78,200.4,45.38,18.46,1,206.41
2025-06-10,Tuesday,dinner,0,467,462,216.46,207.8,8.66,4.0,0,214.03
2025-06-11,Wednesday,breakfast,0,404,364,128.77,115.25,13.52,10.5,0,118.71
2025-06-11,Wednesday,lunch,0,571,583,259.33,248.96,10.37,4.0,0,256.43
2025-06-11,Wednesday,dinner,0,454,432,217.97,148.34,69.63,31.94,1,152.79
2025-06-12,Thursday,breakfast,0,442,436,141.8,82.42,59.38,41.88,1,84.89
2025-06-12,Thursday,lunch,0,539,489,243.22,229.96,13.26,5.45,0,236.86
2025-06-12,Thursday,dinner,0,490,517,228.43,207.97,20.46,8.96,0,214.21
2025-06-13,Friday,breakfast,0,349,332,105.74,85.82,19.92,18.84,1,88.39
2025-06-13,Friday,lunch,0,524,560,232.08,218.94,13.14,5.66,0,225.51
2025-06-13,Friday,dinner,0,409,431,193.85,145.32,48.53,25.03,1,149.68
2025-06-14,Saturday,breakfast,0,204,197,66.2,63.55,2.65,4.0,0,65.46
2025-06-14,Saturday,lunch,0,296,295,128.13,97.7,30.43,23.75,1,100.63
2025-06-14,Saturday,dinner,0,270,270,125.96,92.65,33.31,26.44,1,95.43
2025-06-15,Sunday,breakfast,1,326,296,105.16,77.63,27.53,26.18,1,79.96
2025-06-15,Sunday,lunch,1,459,451,207.14,138.74,68.4,33.02,1,142.9
2025-06-15,Sunday,dinner,1,349,358,160.11,99.26,60.85,38.01,1,102.24
2025-06-16,Monday,breakfast,0,453,503,144.72,135.33,9.39,6.49,0,139.39
2025-06-16,Monday,lunch,0,583,552,255.49,191.87,63.62,24.9,1,197.63
2025-06-16,Monday,dinner,0,471,459,217.92,194.74,23.18,10.64,0,200.58
2025-06-17,Tuesday,breakfast,0,430,450,131.37,84.94,46.43,35.34,1,87.49
2025-06-17,Tuesday,lunch,0,602,574,269.48,239.65,29.83,11.07,0,246.84
2025-06-17,Tuesday,dinner,0,494,542,227.42,218.32,9.1,4.0,0,224.87
2025-06-18,Wednesday,breakfast,0,412,409,128.98,83.34,45.64,35.39,1,85.84
2025-06-18,Wednesday,lunch,0,567,574,260.73,250.3,10.43,4.0,0,257.81
2025-06-18,Wednesday,dinner,0,484,474,221.57,177.0,44.57,20.12,1,182.31
2025-06-19,Thursday,breakfast,0,441,438,143.05,96.96,46.09,32.22,1,99.87
2025-06-19,Thursday,lunch,0,588,586,265.09,183.49,81.6,30.78,1,188.99
2025-06-19,Thursday,dinner,0,464,478,216.5,176.49,40.01,18.48,1,181.78
2025-06-20,Friday,breakfast,0,340,393,107.21,102.92,4.29,4.0,0,106.01
2025-06-20,Friday,lunch,0,504,514,233.15,223.82,9.33,4.0,0,230.53
2025-06-20,Friday,dinner,0,430,426,207.39,199.09,8.3,4.0,0,205.06
2025-06-21,Saturday,breakfast,0,231,229,72.5,69.6,2.9,4.0,0,71.69
2025-06-21,Saturday,lunch,0,327,330,141.46,135.8,5.66,4.0,0,139.87
2025-06-21,Saturday,dinner,0,262,274,120.03,115.23,4.8,4.0,0,118.69
2025-06-22,Sunday,breakfast,0,217,202,69.53,47.53,22.0,31.64,1,48.96
2025-06-22,Sunday,lunch,0,302,293,130.6,125.38,5.22,4.0,0,129.14
2025-06-22,Sunday,dinner,0,282,289,134.93,129.53,5.4,4.0,0,133.42
2025-06-23,Monday,breakfast,0,420,434,134.22,128.85,5.37,4.0,0,132.72
2025-06-23,Monday,lunch,0,584,615,253.94,215.73,38.21,15.05,1,222.2
2025-06-23,Monday,dinner,0,489,448,222.89,136.96,85.93,38.55,1,141.07
2025-06-24,Tuesday,breakfast,0,419,412,134.29,115.98,18.31,13.63,1,119.46
2025-06-24,Tuesday,lunch,0,592,578,265.23,223.59,41.64,15.7,1,230.3
2025-06-24,Tuesday,dinner,0,506,529,230.38,216.2,14.18,6.16,0,222.69
2025-06-25,Wednesday,breakfast,0,423,401,130.58,96.97,33.61,25.74,1,99.88
2025-06-25,Wednesday,lunch,0,599,593,264.93,182.38,82.55,31.16,1,187.85
2025-06-25,Wednesday,dinner,0,492,493,233.15,207.86,25.29,10.85,0,214.1
2025-06-26,Thursday,breakfast,0,467,436,142.51,122.25,20.26,14.22,1,125.92
2025-06-26,Thursday,lunch,0,607,673,274.36,217.1,57.26,20.87,1,223.61
2025-06-26,Thursday,dinner,0,503,490,232.25,222.96,9.29,4.0,0,229.65
2025-06-27,Friday,breakfast,0,409,413,128.45,123.31,5.14,4.0,0,127.01
2025-06-27,Friday,lunch,0,538,524,237.09,151.96,85.13,35.91,1,156.52
2025-06-27,Friday,dinner,0,450,457,204.94,161.63,43.31,21.13,1,166.48
2025-06-28,Saturday,breakfast,0,228,240,68.95,59.69,9.26,13.43,1,61.48
2025-06-28,Saturday,lunch,0,327,342,141.92,115.61,26.31,18.54,1,119.08
2025-06-28,Saturday,dinner,0,294,281,136.48,112.65,23.83,17.46,1,116.03
2025-06-29,Sunday,breakfast,1,342,354,105.82,90.48,15.34,14.5,1,93.19
2025-06-29,Sunday,lunch,1,482,486,214.92,187.8,27.12,12.62,1,193.43
2025-06-29,Sunday,dinner,1,421,419,196.45,188.59,7.86,4.0,0,194.25
2025-06-30,Monday,breakfast,0,478,500,144.59,138.81,5.78,4.0,0,142.97
2025-06-30,Monday,lunch,0,583,588,266.05,237.61,28.44,10.69,0,244.74
2025-06-30,Monday,dinner,0,511,516,236.91,224.06,12.85,5.42,0,230.78
2025-07-01,Tuesday,breakfast,0,446,436,138.47,125.13,13.34,9.63,0,128.88
2025-07-01,Tuesday,lunch,0,603,621,268.85,194.69,74.16,27.58,1,200.53
2025-07-01,Tuesday,dinner,0,508,472,231.32,151.44,79.88,34.53,1,155.98
2025-07-02,Wednesday,breakfast,0,445,477,142.76,124.1,18.66,13.07,1,127.82
2025-07-02,Wednesday,lunch,0,615,603,283.0,271.68,11.32,4.0,0,279.83
2025-07-02,Wednesday,dinner,0,528,499,250.28,183.66,66.62,26.62,1,189.17
2025-07-03,Thursday,breakfast,0,449,477,138.95,133.39,5.56,4.0,0,137.39
2025-07-03,Thursday,lunch,0,586,634,266.53,255.87,10.66,4.0,0,263.55
2025-07-03,Thursday,dinner,0,515,492,234.61,157.99,76.62,32.66,1,162.73
2025-07-04,Friday,breakfast,0,414,393,127.68,80.07,47.61,37.29,1,82.47
2025-07-04,Friday,lunch,0,529,523,235.37,126.39,108.98,46.3,1,130.18
2025-07-04,Friday,dinner,0,517,537,234.68,225.29,9.39,4.0,0,232.05
2025-07-05,Saturday,breakfast,0,253,278,78.27,75.14,3.13,4.0,0,77.39
2025-07-05,Saturday,lunch,0,353,365,158.38,140.79,17.59,11.11,0,145.01
2025-07-05,Saturday,dinner,0,292,306,137.53,112.62,24.91,18.11,1,116.0
2025-07-06,Sunday,breakfast,0,230,213,69.56,66.78,2.78,4.0,0,68.78
2025-07-06,Sunday,lunch,0,313,323,139.8,134.21,5.59,4.0,0,138.24
2025-07-06,Sunday,dinner,0,257,246,117.14,90.52,26.62,22.72,1,93.24
2025-07-07,Monday,breakfast,0,451,488,141.17,134.02,7.15,5.06,0,138.04
2025-07-07,Monday,lunch,0,623,630,288.33,244.22,44.11,15.3,1,251.55
2025-07-07,Monday,dinner,0,516,498,236.5,188.32,48.18,20.37,1,193.97
2025-07-08,Tuesday,breakfast,0,495,508,156.1,149.86,6.24,4.0,0,154.36
2025-07-08,Tuesday,lunch,0,618,577,280.31,269.1,11.21,4.0,0,277.17
2025-07-08,Tuesday,dinner,0,515,482,249.48,193.57,55.91,22.41,1,199.38
2025-07-09,Wednesday,breakfast,0,435,442,132.15,126.86,5.29,4.0,0,130.67
2025-07-09,Wednesday,lunch,0,612,675,267.01,256.33,10.68,4.0,0,264.02
2025-07-09,Wednesday,dinner,0,546,546,260.13,167.16,92.97,35.74,1,172.17
2025-07-10,Thursday,breakfast,0,470,461,150.62,144.6,6.02,4.0,0,148.94
2025-07-10,Thursday,lunch,0,594,577,259.76,227.93,31.83,12.25,1,234.77
2025-07-10,Thursday,dinner,0,508,501,231.28,222.03,9.25,4.0,0,228.69
2025-07-11,Friday,breakfast,0,435,436,134.07,128.71,5.36,4.0,0,132.57
2025-07-11,Friday,lunch,0,611,569,265.38,233.16,32.22,12.14,1,240.15
2025-07-11,Friday,dinner,0,485,498,234.79,188.9,45.89,19.55,1,194.57
2025-07-12,Saturday,breakfast,0,271,271,86.55,74.73,11.82,13.66,1,76.97
2025-07-12,Saturday,lunch,0,325,309,147.06,139.0,8.06,5.48,0,143.17
2025-07-12,Saturday,dinner,0,278,284,131.38,119.15,12.23,9.31,0,122.72
2025-07-13,Sunday,breakfast,0,294,303,90.41,81.7,8.71,9.63,0,84.15
2025-07-13,Sunday,lunch,0,326,335,144.19,138.42,5.77,4.0,0,142.57
2025-07-13,Sunday,dinner,0,313,310,142.28,111.26,31.02,21.8,1,114.6
2025-07-14,Monday,breakfast,0,522,515,159.24,124.68,34.56,21.7,1,128.42
2025-07-14,Monday,lunch,0,609,568,277.79,172.56,105.23,37.88,1,177.74
2025-07-14,Monday,dinner,0,507,532,243.39,233.65,9.74,4.0,0,240.66
2025-07-15,Tuesday,breakfast,0,450,481,138.5,104.74,33.76,24.38,1,107.88
2025-07-15,Tuesday,lunch,0,643,612,282.32,252.65,29.67,10.51,0,260.23
2025-07-15,Tuesday,dinner,0,542,500,256.42,246.16,10.26,4.0,0,253.54
2025-07-16,Wednesday,breakfast,0,515,517,158.99,152.63,6.36,4.0,0,157.21
2025-07-16,Wednesday,lunch,0,638,683,285.34,256.59,28.75,10.08,0,264.29
2025-07-16,Wednesday,dinner,0,518,517,245.25,197.21,48.04,19.59,1,203.13
2025-07-17,Thursday,breakfast,0,463,454,140.75,135.12,5.63,4.0,0,139.17
2025-07-17,Thursday,lunch,0,593,598,271.56,222.03,49.53,18.24,1,228.69
2025-07-17,Thursday,dinner,0,568,597,270.14,259.33,10.81,4.0,0,267.11
2025-07-18,Friday,breakfast,0,401,407,125.08,120.08,5.0,4.0,0,123.68
2025-07-18,Friday,lunch,0,531,511,234.56,173.03,61.53,26.23,1,178.22
2025-07-18,Friday,dinner,0,508,478,243.09,192.34,50.75,20.88,1,198.11
2025-07-19,Saturday,breakfast,0,289,273,92.01,60.08,31.93,34.7,1,61.88
2025-07-19,Saturday,lunch,0,347,355,154.02,147.86,6.16,4.0,0,152.3
2025-07-19,Saturday,dinner,0,268,259,126.47,112.92,13.55,10.71,0,116.31
2025-07-20,Sunday,breakfast,0,251,257,80.29,77.08,3.21,4.0,0,79.39
2025-07-20,Sunday,lunch,0,359,330,163.3,147.7,15.6,9.55,0,152.13
2025-07-20,Sunday,dinner,0,295,298,138.91,76.99,61.92,44.58,1,79.3
2025-07-21,Monday,breakfast,0,489,515,152.93,146.81,6.12,4.0,0,151.21
2025-07-21,Monday,lunch,0,653,669,297.33,250.64,46.69,15.7,1,258.16
2025-07-21,Monday,dinner,0,565,549,262.84,251.33,11.51,4.38,0,258.87
2025-07-22,Tuesday,breakfast,0,495,514,157.75,151.44,6.31,4.0,0,155.98
2025-07-22,Tuesday,lunch,0,650,572,284.19,226.23,57.96,20.39,1,233.02
2025-07-22,Tuesday,dinner,0,565,588,263.58,244.48,19.1,7.25,0,251.81
2025-07-23,Wednesday,breakfast,0,495,514,158.75,118.18,40.57,25.56,1,121.73
2025-07-23,Wednesday,lunch,0,659,660,285.78,274.35,11.43,4.0,0,282.58
2025-07-23,Wednesday,dinner,0,552,545,265.23,239.16,26.07,9.83,0,246.33
2025-07-24,Thursday,breakfast,0,443,467,135.27,104.67,30.6,22.62,1,107.81
2025-07-24,Thursday,lunch,0,628,639,287.31,275.82,11.49,4.0,0,284.09
2025-07-24,Thursday,dinner,0,565,526,267.14,223.49,43.65,16.34,1,230.19
2025-07-25,Friday,breakfast,0,425,403,131.88,90.64,41.24,31.27,1,93.36
2025-07-25,Friday,lunch,0,553,583,251.86,209.23,42.63,16.93,1,215.51
2025-07-25,Friday,dinner,0,493,475,230.79,221.56,9.23,4.0,0,228.21
2025-07-26,Saturday,breakfast,0,244,259,74.09,71.13,2.96,4.0,0,73.26
2025-07-26,Saturday,lunch,0,353,377,159.64,153.25,6.39,4.0,0,157.85
2025-07-26,Saturday,dinner,0,295,275,141.26,109.84,31.42,22.24,1,113.14
2025-07-27,Sunday,breakfast,0,256,249,83.04,48.95,34.09,41.05,1,50.42
2025-07-27,Sunday,lunch,0,356,342,155.84,149.61,6.23,4.0,0,154.1
2025-07-27,Sunday,dinner,0,290,280,134.92,129.52,5.4,4.0,0,133.41
2025-07-28,Monday,breakfast,0,454,439,139.38,84.56,54.82,39.33,1,87.1
2025-07-28,Monday,lunch,0,643,673,297.7,217.27,80.43,27.02,1,223.79
2025-07-28,Monday,dinner,0,534,538,243.58,222.82,20.76,8.52,0,229.5
2025-07-29,Tuesday,breakfast,0,486,490,153.76,117.29,36.47,23.72,1,120.81
2025-07-29,Tuesday,lunch,0,618,643,267.27,256.58,10.69,4.0,0,264.28
2025-07-29,Tuesday,dinner,0,567,522,262.36,251.87,10.49,4.0,0,259.43
2025-07-30,Wednesday,breakfast,0,502,508,162.45,136.78,25.67,15.8,1,140.88
2025-07-30,Wednesday,lunch,0,648,701,294.04,282.28,11.76,4.0,0,290.75
2025-07-30,Wednesday,dinner,0,541,539,255.99,214.04,41.95,16.39,1,220.46
2025-07-31,Thursday,breakfast,0,448,445,143.9,135.67,8.23,5.72,0,139.74
2025-07-31,Thursday,lunch,0,652,618,302.05,215.15,86.9,28.77,1,221.6
2025-07-31,Thursday,dinner,0,542,550,253.76,238.3,15.46,6.09,0,245.45
2025-08-01,Friday,breakfast,0,422,388,134.45,108.95,25.5,18.97,1,112.22
2025-08-01,Friday,lunch,0,573,617,251.97,241.89,10.08,4.0,0,249.15
2025-08-01,Friday,dinner,0,478,484,220.02,211.22,8.8,4.0,0,217.56
2025-08-02,Saturday,breakfast,0,274,264,84.38,62.43,21.95,26.01,1,64.3
2025-08-02,Saturday,lunch,0,349,336,158.95,152.59,6.36,4.0,0,157.17
2025-08-02,Saturday,dinner,0,317,323,152.56,145.89,6.67,4.37,0,150.27
2025-08-03,Sunday,breakfast,1,381,395,116.92,112.24,4.68,4.0,0,115.61
2025-08-03,Sunday,lunch,1,520,524,225.78,216.75,9.03,4.0,0,223.25
2025-08-03,Sunday,dinner,1,444,439,210.12,131.59,78.53,37.37,1,135.54
2025-08-04,Monday,breakfast,0,479,498,152.0,132.73,19.27,12.68,1,136.71
2025-08-04,Monday,lunch,0,627,672,283.51,272.17,11.34,4.0,0,280.34
2025-08-04,Monday,dinner,0,516,474,245.32,131.54,113.78,46.38,1,135.49
2025-08-05,Tuesday,breakfast,0,460,479,143.68,117.59,26.09,18.16,1,121.12
2025-08-05,Tuesday,lunch,0,629,653,273.85,260.55,13.3,4.86,0,268.37
2025-08-05,Tuesday,dinner,0,524,561,249.22,208.16,41.06,16.48,1,214.4
2025-08-06,Wednesday,breakfast,0,459,471,147.87,107.41,40.46,27.36,1,110.63
2025-08-06,Wednesday,lunch,0,637,667,277.44,226.47,50.97,18.37,1,233.26
2025-08-06,Wednesday,dinner,0,509,511,240.04,155.25,84.79,35.32,1,159.91
2025-08-07,Thursday,breakfast,0,440,410,141.22,101.1,40.12,28.41,1,104.13
2025-08-07,Thursday,lunch,0,643,606,288.18,192.83,95.35,33.09,1,198.61
2025-08-07,Thursday,dinner,0,524,501,247.43,161.3,86.13,34.81,1,166.14
2025-08-08,Friday,breakfast,0,418,426,134.25,128.88,5.37,4.0,0,132.75
2025-08-08,Friday,lunch,0,566,583,252.47,194.62,57.85,22.91,1,200.46
2025-08-08,Friday,dinner,0,481,457,229.4,209.05,20.35,8.87,0,215.32
2025-08-09,Saturday,breakfast,1,361,355,110.5,101.39,9.11,8.24,0,104.43
2025-08-09,Saturday,lunch,1,528,520,234.08,221.26,12.82,5.48,0,227.9
2025-08-09,Saturday,dinner,1,415,408,195.48,130.87,64.61,33.05,1,134.8
2025-08-10,Sunday,breakfast,0,264,262,81.22,65.59,15.63,19.24,1,67.56
2025-08-10,Sunday,lunch,0,357,394,158.97,152.61,6.36,4.0,0,157.19
2025-08-10,Sunday,dinner,0,239,251,109.79,105.4,4.39,4.0,0,108.56
2025-08-11,Monday,breakfast,0,404,404,130.05,124.21,5.84,4.49,0,127.94
2025-08-11,Monday,lunch,0,654,662,284.98,228.38,56.6,19.86,1,235.23
2025-08-11,Monday,dinner,0,500,489,238.43,189.19,49.24,20.65,1,194.87
2025-08-12,Tuesday,breakfast,0,428,425,134.3,122.76,11.54,8.59,0,126.44
2025-08-12,Tuesday,lunch,0,600,598,274.42,237.56,36.86,13.43,1,244.69
2025-08-12,Tuesday,dinner,0,499,549,237.89,228.37,9.52,4.0,0,235.22
2025-08-13,Wednesday,breakfast,0,457,497,146.76,140.89,5.87,4.0,0,145.12
2025-08-13,Wednesday,lunch,0,609,545,278.51,211.89,66.62,23.92,1,218.25
2025-08-13,Wednesday,dinner,0,486,481,234.41,198.99,35.42,15.11,1,204.96
2025-08-14,Thursday,breakfast,0,470,465,150.59,113.97,36.62,24.32,1,117.39
2025-08-14,Thursday,lunch,0,599,600,260.05,230.07,29.98,11.53,0,236.97
2025-08-14,Thursday,dinner,0,528,541,240.68,228.9,11.78,4.89,0,235.77
2025-08-15,Friday,breakfast,0,390,394,121.22,104.51,16.71,13.78,1,107.65
2025-08-15,Friday,lunch,0,564,533,249.97,191.17,58.8,23.52,1,196.91
2025-08-15,Friday,dinner,0,444,439,206.91,198.63,8.28,4.0,0,204.59
2025-08-16,Saturday,breakfast,0,239,254,72.32,69.43,2.89,4.0,0,71.51
2025-08-16,Saturday,lunch,0,339,319,151.7,132.74,18.96,12.5,1,136.72
2025-08-16,Saturday,dinner,0,307,328,147.01,141.13,5.88,4.0,0,145.36
2025-08-17,Sunday,breakfast,1,355,380,108.47,104.13,4.34,4.0,0,107.25
2025-08-17,Sunday,lunch,1,502,483,220.0,208.53,11.47,5.21,0,214.79
2025-08-17,Sunday,dinner,1,407,416,197.04,189.16,7.88,4.0,0,194.83
2025-08-18,Monday,breakfast,0,469,487,147.91,141.99,5.92,4.0,0,146.25
2025-08-18,Monday,lunch,0,566,577,253.1,196.6,56.5,22.32,1,202.5
2025-08-18,Monday,dinner,0,517,500,238.71,174.72,63.99,26.81,1,179.96
2025-08-19,Tuesday,breakfast,0,429,398,138.45,84.13,54.32,39.23,1,86.65
2025-08-19,Tuesday,lunch,0,583,589,259.0,218.66,40.34,15.58,1,225.22
2025-08-19,Tuesday,dinner,0,505,531,242.58,232.88,9.7,4.0,0,239.87
2025-08-20,Wednesday,breakfast,1,413,415,130.78,115.1,15.68,11.99,0,118.55
2025-08-20,Wednesday,lunch,1,556,531,243.59,180.12,63.47,26.06,1,185.52
2025-08-20,Wednesday,dinner,1,507,468,241.25,216.8,24.45,10.13,0,223.3
2025-08-21,Thursday,breakfast,0,443,456,141.51,106.03,35.48,25.07,1,109.21
2025-08-21,Thursday,lunch,0,605,591,266.39,234.05,32.34,12.14,1,241.07
2025-08-21,Thursday,dinner,0,497,458,226.09,152.75,73.34,32.44,1,157.33
2025-08-22,Friday,breakfast,0,410,423,133.13,112.26,20.87,15.68,1,115.63
2025-08-22,Friday,lunch,0,523,531,230.1,189.87,40.23,17.48,1,195.57
2025-08-22,Friday,dinner,0,441,466,211.99,169.26,42.73,20.16,1,174.34
2025-08-23,Saturday,breakfast,0,215,212,65.12,62.52,2.6,3.99,0,64.4
2025-08-23,Saturday,lunch,0,302,274,136.79,120.13,16.66,12.18,1,123.73
2025-08-23,Saturday,dinner,0,279,297,133.7,128.35,5.35,4.0,0,132.2
2025-08-24,Sunday,breakfast,0,274,287,86.46,83.0,3.46,4.0,0,85.49
2025-08-24,Sunday,lunch,0,315,315,143.71,137.96,5.75,4.0,0,142.1
2025-08-24,Sunday,dinner,0,255,237,120.78,90.36,30.42,25.19,1,93.07
2025-08-25,Monday,breakfast,1,431,385,132.38,127.08,5.3,4.0,0,130.89
2025-08-25,Monday,lunch,1,576,595,249.82,239.83,9.99,4.0,0,247.02
2025-08-25,Monday,dinner,1,520,506,247.71,232.29,15.42,6.23,0,239.26
2025-08-26,Tuesday,breakfast,0,419,419,133.19,90.57,42.62,32.0,1,93.29
2025-08-26,Tuesday,lunch,0,583,622,256.99,246.71,10.28,4.0,0,254.11
2025-08-26,Tuesday,dinner,0,458,430,218.6,191.84,26.76,12.24,1,197.6
2025-08-27,Wednesday,breakfast,0,460,447,147.73,136.85,10.88,7.36,0,140.96
2025-08-27,Wednesday,lunch,0,587,611,268.66,257.91,10.75,4.0,0,265.65
2025-08-27,Wednesday,dinner,0,477,490,224.2,167.96,56.24,25.08,1,173.0
2025-08-28,Thursday,breakfast,0,412,377,133.09,115.72,17.37,13.05,1,119.19
2025-08-28,Thursday,lunch,0,594,640,263.35,224.99,38.36,14.57,1,231.74
2025-08-28,Thursday,dinner,0,472,493,228.1,216.08,12.02,5.27,0,222.56
2025-08-29,Friday,breakfast,0,353,363,113.57,98.62,14.95,13.16,1,101.58
2025-08-29,Friday,lunch,0,505,482,231.13,221.6,9.53,4.12,0,228.25
2025-08-29,Friday,dinner,0,431,448,209.6,201.22,8.38,4.0,0,207.26
2025-08-30,Saturday,breakfast,0,226,223,68.68,57.04,11.64,16.95,1,58.75
2025-08-30,Saturday,lunch,0,301,289,130.72,104.16,26.56,20.32,1,107.28
2025-08-30,Saturday,dinner,0,245,223,111.96,90.06,21.9,19.56,1,92.76
2025-08-31,Sunday,breakfast,1,327,323,106.01,62.95,43.06,40.62,1,64.84
2025-08-31,Sunday,lunch,1,433,419,191.2,183.55,7.65,4.0,0,189.06
2025-08-31,Sunday,dinner,1,366,359,169.17,162.4,6.77,4.0,0,167.27
2025-09-01,Monday,breakfast,0,391,383,121.24,113.6,7.64,6.3,0,117.01
2025-09-01,Monday,lunch,0,552,528,243.81,234.06,9.75,4.0,0,241.08
2025-09-01,Monday,dinner,0,475,480,223.53,165.88,57.65,25.79,1,170.86
2025-09-02,Tuesday,breakfast,0,420,398,129.58,94.59,34.99,27.0,1,97.43
2025-09-02,Tuesday,lunch,0,551,499,252.53,187.81,64.72,25.63,1,193.44
2025-09-02,Tuesday,dinner,0,466,451,218.56,206.53,12.03,5.5,0,212.73
2025-09-03,Wednesday,breakfast,0,446,471,143.48,137.74,5.74,4.0,0,141.87
2025-09-03,Wednesday,lunch,0,558,504,256.06,165.78,90.28,35.26,1,170.75
2025-09-03,Wednesday,dinner,0,458,496,215.33,205.72,9.61,4.46,0,211.89
2025-09-04,Thursday,breakfast,0,438,436,136.0,116.13,19.87,14.61,1,119.61
2025-09-04,Thursday,lunch,0,572,556,261.06,156.87,104.19,39.91,1,161.58
2025-09-04,Thursday,dinner,0,463,456,224.82,199.88,24.94,11.09,0,205.88
2025-09-05,Friday,breakfast,0,346,339,109.63,105.24,4.39,4.0,0,108.4
2025-09-05,Friday,lunch,0,501,463,222.4,160.41,61.99,27.87,1,165.22
2025-09-05,Friday,dinner,0,429,401,198.61,176.58,22.03,11.09,0,181.88
2025-09-06,Saturday,breakfast,0,215,209,68.99,62.49,6.5,9.42,0,64.36
2025-09-06,Saturday,lunch,0,299,300,130.54,125.32,5.22,4.0,0,129.08
2025-09-06,Saturday,dinner,0,281,273,130.93,116.88,14.05,10.73,0,120.39
2025-09-07,Sunday,breakfast,0,210,214,64.33,61.76,2.57,4.0,0,63.61
2025-09-07,Sunday,lunch,0,281,290,123.35,109.72,13.63,11.05,0,113.01
2025-09-07,Sunday,dinner,0,268,271,127.21,120.94,6.27,4.93,0,124.57
2025-09-08,Monday,breakfast,0,400,409,125.07,99.91,25.16,20.12,1,102.91
2025-09-08,Monday,lunch,0,545,567,236.14,225.87,10.27,4.35,0,232.65
2025-09-08,Monday,dinner,0,449,434,207.26,180.17,27.09,13.07,1,185.58
2025-09-09,Tuesday,breakfast,0,431,465,131.83,125.42,6.41,4.86,0,129.18
2025-09-09,Tuesday,lunch,0,497,484,224.2,215.23,8.97,4.0,0,221.69
2025-09-09,Tuesday,dinner,0,461,447,217.02,153.01,64.01,29.49,1,157.6
2025-09-10,Wednesday,breakfast,0,430,434,134.94,107.4,27.54,20.41,1,110.62
2025-09-10,Wednesday,lunch,0,553,554,246.65,204.58,42.07,17.06,1,210.72
2025-09-10,Wednesday,dinner,0,464,470,210.86,146.3,64.56,30.62,1,150.69
2025-09-11,Thursday,breakfast,0,409,414,126.26,97.42,28.84,22.84,1,100.34
2025-09-11,Thursday,lunch,0,545,514,249.42,239.44,9.98,4.0,0,246.62
2025-09-11,Thursday,dinner,0,458,465,211.39,180.77,30.62,14.49,1,186.19
2025-09-12,Friday,breakfast,0,389,424,125.73,105.15,20.58,16.37,1,108.3
2025-09-12,Friday,lunch,0,497,535,218.43,209.69,8.74,4.0,0,215.98
2025-09-12,Friday,dinner,0,421,419,204.57,190.8,13.77,6.73,0,196.52
2025-09-13,Saturday,breakfast,0,233,241,74.0,49.86,24.14,32.62,1,51.36
2025-09-13,Saturday,lunch,0,323,315,149.33,132.26,17.07,11.43,0,136.23
2025-09-13,Saturday,dinner,0,271,257,131.7,90.29,41.41,31.44,1,93.0
2025-09-14,Sunday,breakfast,0,248,266,80.5,60.01,20.49,25.45,1,61.81
2025-09-14,Sunday,lunch,0,281,279,123.74,98.22,25.52,20.62,1,101.17
2025-09-14,Sunday,dinner,0,281,274,136.29,106.1,30.19,22.15,1,109.28
2025-09-15,Monday,breakfast,1,397,375,128.66,110.59,18.07,14.04,1,113.91
2025-09-15,Monday,lunch,1,562,477,247.22,237.33,9.89,4.0,0,244.45
2025-09-15,Monday,dinner,1,469,488,221.85,212.98,8.87,4.0,0,219.37
2025-09-16,Tuesday,breakfast,0,403,438,125.5,116.72,8.78,7.0,0,120.22
2025-09-16,Tuesday,lunch,0,574,542,251.47,241.41,10.06,4.0,0,248.65
2025-09-16,Tuesday,dinner,0,467,442,218.58,192.73,25.85,11.83,0,198.51
2025-09-17,Wednesday,breakfast,0,458,456,141.58,85.49,56.09,39.62,1,88.05
2025-09-17,Wednesday,lunch,0,538,591,235.25,225.84,9.41,4.0,0,232.62
2025-09-17,Wednesday,dinner,0,460,453,219.99,211.19,8.8,4.0,0,217.53
2025-09-18,Thursday,breakfast,0,436,440,139.86,134.27,5.59,4.0,0,138.3
2025-09-18,Thursday,lunch,0,584,577,258.4,248.06,10.34,4.0,0,255.5
2025-09-18,Thursday,dinner,0,480,482,227.03,167.75,59.28,26.11,1,172.78
2025-09-19,Friday,breakfast,0,383,385,122.16,94.72,27.44,22.46,1,97.56
2025-09-19,Friday,lunch,0,515,509,231.25,150.33,80.92,34.99,1,154.84
2025-09-19,Friday,dinner,0,448,446,208.44,200.1,8.34,4.0,0,206.1
2025-09-20,Saturday,breakfast,0,228,249,70.1,52.09,18.01,25.69,1,53.65
2025-09-20,Saturday,lunch,0,328,297,150.34,137.13,13.21,8.79,0,141.24
2025-09-20,Saturday,dinner,0,266,283,123.79,118.84,4.95,4.0,0,122.41
2025-09-21,Sunday,breakfast,0,227,214,69.08,53.11,15.97,23.12,1,54.7
2025-09-21,Sunday,lunch,0,286,245,131.25,89.83,41.42,31.56,1,92.52
2025-09-21,Sunday,dinner,0,243,248,113.37,108.84,4.53,4.0,0,112.11
2025-09-22,Monday,breakfast,0,397,389,128.35,115.46,12.89,10.04,0,118.92
2025-09-22,Monday,lunch,0,619,618,275.48,228.15,47.33,17.18,1,234.99
2025-09-22,Monday,dinner,0,502,477,244.09,234.33,9.76,4.0,0,241.36
2025-09-23,Tuesday,breakfast,0,447,443,136.34,108.39,27.95,20.5,1,111.64
2025-09-23,Tuesday,lunch,0,595,599,269.64,231.82,37.82,14.03,1,238.77
2025-09-23,Tuesday,dinner,0,482,429,232.14,214.53,17.61,7.59,0,220.97
2025-09-24,Wednesday,breakfast,0,448,474,139.22,121.69,17.53,12.59,1,125.34
2025-09-24,Wednesday,lunch,0,581,549,263.56,160.74,102.82,39.01,1,165.56
2025-09-24,Wednesday,dinner,0,487,491,227.37,193.26,34.11,15.0,1,199.06
2025-09-25,Thursday,breakfast,0,435,408,140.11,108.28,31.83,22.72,1,111.53
2025-09-25,Thursday,lunch,0,559,567,250.48,238.83,11.65,4.65,0,245.99
2025-09-25,Thursday,dinner,0,496,529,231.71,222.44,9.27,4.0,0,229.11
2025-09-26,Friday,breakfast,0,404,436,128.3,123.17,5.13,4.0,0,126.87
2025-09-26,Friday,lunch,0,524,516,240.33,214.88,25.45,10.59,0,221.33
2025-09-26,Friday,dinner,0,478,481,223.75,214.8,8.95,4.0,0,221.24
2025-09-27,Saturday,breakfast,0,241,248,75.49,63.57,11.92,15.79,1,65.48
2025-09-27,Saturday,lunch,0,289,291,130.15,112.46,17.69,13.59,1,115.83
2025-09-27,Saturday,dinner,0,277,297,128.87,110.35,18.52,14.37,1,113.66
2025-09-28,Sunday,breakfast,0,268,275,86.73,83.26,3.47,4.0,0,85.76
2025-09-28,Sunday,lunch,0,320,321,144.99,121.92,23.07,15.91,1,125.58
2025-09-28,Sunday,dinner,0,265,269,128.56,121.33,7.23,5.62,0,124.97
2025-09-29,Monday,breakfast,1,429,413,134.98,94.4,40.58,30.06,1,97.23
2025-09-29,Monday,lunch,1,579,570,253.3,243.17,10.13,4.0,0,250.47
2025-09-29,Monday,dinner,1,503,481,228.44,194.45,33.99,14.88,1,200.28
2025-09-30,Tuesday,breakfast,0,475,514,145.37,134.32,11.05,7.6,0,138.35
2025-09-30,Tuesday,lunch,0,595,577,257.79,227.12,30.67,11.9,0,233.93
2025-09-30,Tuesday,dinner,0,476,507,216.37,206.47,9.9,4.58,0,212.66
2025-10-01,Wednesday,breakfast,0,458,442,138.91,133.35,5.56,4.0,0,137.35
2025-10-01,Wednesday,lunch,0,575,617,266.32,182.61,83.71,31.43,1,188.09
2025-10-01,Wednesday,dinner,0,525,498,254.09,241.73,12.36,4.86,0,248.98
2025-10-02,Thursday,breakfast,0,476,425,144.48,138.7,5.78,4.0,0,142.86
2025-10-02,Thursday,lunch,0,607,589,266.62,255.96,10.66,4.0,0,263.64
2025-10-02,Thursday,dinner,0,518,494,240.84,230.9,9.94,4.13,0,237.83
2025-10-03,Friday,breakfast,0,400,399,124.92,98.6,26.32,21.07,1,101.56
2025-10-03,Friday,lunch,0,534,490,239.74,203.41,36.33,15.15,1,209.51
2025-10-03,Friday,dinner,0,448,461,205.53,197.31,8.22,4.0,0,203.23
2025-10-04,Saturday,breakfast,0,246,237,76.38,73.32,3.06,4.01,0,75.52
2025-10-04,Saturday,lunch,0,323,348,141.54,121.25,20.29,14.34,1,124.89
2025-10-04,Saturday,dinner,0,263,273,127.13,108.69,18.44,14.5,1,111.95
2025-10-05,Sunday,breakfast,0,269,262,82.79,54.65,28.14,33.99,1,56.29
2025-10-05,Sunday,lunch,0,362,371,164.18,140.04,24.14,14.7,1,144.24
2025-10-05,Sunday,dinner,0,314,321,146.23,119.18,27.05,18.5,1,122.76
2025-10-06,Monday,breakfast,0,445,464,135.38,129.96,5.42,4.0,0,133.86
2025-10-06,Monday,lunch,0,648,682,285.94,274.5,11.44,4.0,0,282.74
2025-10-06,Monday,dinner,0,577,559,269.7,162.93,106.77,39.59,1,167.82
2025-10-07,Tuesday,breakfast,0,456,482,139.95,134.35,5.6,4.0,0,138.38
2025-10-07,Tuesday,lunch,0,632,645,289.67,278.08,11.59,4.0,0,286.42
2025-10-07,Tuesday,dinner,0,540,557,249.53,205.7,43.83,17.57,1,211.87
2025-10-08,Wednesday,breakfast,0,492,503,152.36,146.27,6.09,4.0,0,150.66
2025-10-08,Wednesday,lunch,0,665,718,299.52,287.54,11.98,4.0,0,296.17
2025-10-08,Wednesday,dinner,0,504,490,241.63,230.8,10.83,4.48,0,237.72
2025-10-09,Thursday,breakfast,0,454,468,144.89,100.24,44.65,30.82,1,103.25
2025-10-09,Thursday,lunch,0,639,607,293.42,232.38,61.04,20.8,1,239.35
2025-10-09,Thursday,dinner,0,496,490,232.74,223.43,9.31,4.0,0,230.13
2025-10-10,Friday,breakfast,0,408,446,128.39,112.71,15.68,12.21,1,116.09
2025-10-10,Friday,lunch,0,555,561,240.66,227.0,13.66,5.68,0,233.81
2025-10-10,Friday,dinner,0,490,512,231.55,187.33,44.22,19.1,1,192.95
2025-10-11,Saturday,breakfast,0,263,265,81.54,63.63,17.91,21.96,1,65.54
2025-10-11,Saturday,lunch,0,347,360,151.49,122.45,29.04,19.17,1,126.12
2025-10-11,Saturday,dinner,0,319,349,154.35,148.18,6.17,4.0,0,152.63
2025-10-12,Sunday,breakfast,0,277,291,87.98,79.8,8.18,9.3,0,82.19
2025-10-12,Sunday,lunch,0,357,368,161.46,122.08,39.38,24.39,1,125.74
2025-10-12,Sunday,dinner,0,294,294,140.56,134.94,5.62,4.0,0,138.99
2025-10-13,Monday,breakfast,0,457,411,139.57,129.64,9.93,7.11,0,133.53
2025-10-13,Monday,lunch,0,647,667,281.65,270.38,11.27,4.0,0,278.49
2025-10-13,Monday,dinner,0,533,522,241.77,229.35,12.42,5.14,0,236.23
2025-10-14,Tuesday,breakfast,0,464,495,142.96,137.24,5.72,4.0,0,141.36
2025-10-14,Tuesday,lunch,0,637,656,276.92,265.84,11.08,4.0,0,273.82
2025-10-14,Tuesday,dinner,0,504,526,238.9,169.78,69.12,28.93,1,174.87
2025-10-15,Wednesday,breakfast,0,472,465,143.75,115.81,27.94,19.44,1,119.28
2025-10-15,Wednesday,lunch,0,674,590,310.01,216.11,93.9,30.29,1,222.59
2025-10-15,Wednesday,dinner,0,569,545,270.96,166.62,104.34,38.51,1,171.62
2025-10-16,Thursday,breakfast,0,462,488,141.09,114.27,26.82,19.01,1,117.7
2025-10-16,Thursday,lunch,0,653,709,296.74,284.87,11.87,4.0,0,293.42
2025-10-16,Thursday,dinner,0,560,570,263.42,252.88,10.54,4.0,0,260.47
2025-10-17,Friday,breakfast,0,466,455,147.36,87.86,59.5,40.38,1,90.5
2025-10-17,Friday,lunch,0,575,586,250.71,240.68,10.03,4.0,0,247.9
2025-10-17,Friday,dinner,0,482,461,219.56,196.37,23.19,10.56,0,202.26
2025-10-18,Saturday,breakfast,0,271,258,85.25,80.72,4.53,5.31,0,83.14
2025-10-18,Saturday,lunch,0,331,363,145.66,139.83,5.83,4.0,0,144.02
2025-10-18,Saturday,dinner,0,321,296,155.29,131.47,23.82,15.34,1,135.41
2025-10-19,Sunday,breakfast,1,415,398,131.45,126.19,5.26,4.0,0,129.98
2025-10-19,Sunday,lunch,1,491,487,223.14,135.62,87.52,39.22,1,139.69
2025-10-19,Sunday,dinner,1,457,448,219.07,183.28,35.79,16.34,1,188.78
2025-10-20,Monday,breakfast,0,466,494,147.97,142.05,5.92,4.0,0,146.31
2025-10-20,Monday,lunch,0,637,565,294.24,186.05,108.19,36.77,1,191.63
2025-10-20,Monday,dinner,0,541,531,256.02,219.75,36.27,14.17,1,226.34
2025-10-21,Tuesday,breakfast,0,493,488,154.67,124.58,30.09,19.45,1,128.32
2025-10-21,Tuesday,lunch,0,658,625,305.26,172.56,132.7,43.47,1,177.74
2025-10-21,Tuesday,dinner,0,537,512,259.52,206.46,53.06,20.45,1,212.65
2025-10-22,Wednesday,breakfast,0,450,419,142.73,137.02,5.71,4.0,0,141.13
2025-10-22,Wednesday,lunch,0,633,638,292.79,274.76,18.03,6.16,0,283.0
2025-10-22,Wednesday,dinner,0,550,517,260.6,152.12,108.48,41.63,1,156.68
2025-10-23,Thursday,breakfast,0,516,494,160.57,129.39,31.18,19.42,1,133.27
2025-10-23,Thursday,lunch,0,659,635,289.09,257.08,32.01,11.07,0,264.79
2025-10-23,Thursday,dinner,0,538,564,254.47,244.29,10.18,4.0,0,251.62
2025-10-24,Friday,breakfast,0,459,446,144.36,127.64,16.72,11.58,0,131.47
2025-10-24,Friday,lunch,0,567,561,250.32,240.31,10.01,4.0,0,247.52
2025-10-24,Friday,dinner,0,494,492,231.26,180.59,50.67,21.91,1,186.01
2025-10-25,Saturday,breakfast,1,391,414,118.94,114.18,4.76,4.0,0,117.61
2025-10-25,Saturday,lunch,1,563,551,258.15,197.04,61.11,23.67,1,202.95
2025-10-25,Saturday,dinner,1,457,469,207.91,170.27,37.64,18.1,1,175.38
2025-10-26,Sunday,breakfast,0,275,240,86.74,69.44,17.3,19.94,1,71.52
2025-10-26,Sunday,lunch,0,364,389,168.32,153.65,14.67,8.72,0,158.26
2025-10-26,Sunday,dinner,0,288,282,134.89,93.48,41.41,30.7,1,96.28
2025-10-27,Monday,breakfast,0,513,516,165.5,129.27,36.23,21.89,1,133.15
2025-10-27,Monday,lunch,0,618,601,275.73,252.15,23.58,8.55,0,259.71
2025-10-27,Monday,dinner,0,571,603,269.65,229.65,40.0,14.83,1,236.54
2025-10-28,Tuesday,breakfast,0,491,518,157.11,105.63,51.48,32.77,1,108.8
2025-10-28,Tuesday,lunch,0,677,678,305.57,293.35,12.22,4.0,0,302.15
2025-10-28,Tuesday,dinner,0,558,522,263.83,253.28,10.55,4.0,0,260.88
2025-10-29,Wednesday,breakfast,0,491,453,155.81,129.84,25.97,16.67,1,133.74
2025-10-29,Wednesday,lunch,0,638,612,278.95,225.81,53.14,19.05,1,232.58
2025-10-29,Wednesday,dinner,0,533,518,248.89,212.63,36.26,14.57,1,219.01
2025-10-30,Thursday,breakfast,0,420,463,130.61,125.06,5.55,4.25,0,128.81
2025-10-30,Thursday,lunch,0,642,618,278.81,247.55,31.26,11.21,0,254.98
2025-10-30,Thursday,dinner,0,577,631,278.75,267.6,11.15,4.0,0,275.63
2025-10-31,Friday,breakfast,0,431,476,130.77,125.54,5.23,4.0,0,129.31
2025-10-31,Friday,lunch,0,564,557,246.71,168.07,78.64,31.88,1,173.11
2025-10-31,Friday,dinner,0,489,496,224.15,212.87,11.28,5.03,0,219.26
2025-11-01,Saturday,breakfast,0,281,251,85.46,56.31,29.15,34.11,1,58.0
2025-11-01,Saturday,lunch,0,384,333,166.18,126.74,39.44,23.73,1,130.54
2025-11-01,Saturday,dinner,0,276,268,126.11,114.63,11.48,9.1,0,118.07
2025-11-02,Sunday,breakfast,1,389,371,121.06,116.22,4.84,4.0,0,119.71
2025-11-02,Sunday,lunch,1,499,493,218.43,209.69,8.74,4.0,0,215.98
2025-11-02,Sunday,dinner,1,450,418,218.07,209.35,8.72,4.0,0,215.63
2025-11-03,Monday,breakfast,0,468,459,145.19,139.38,5.81,4.0,0,143.56
2025-11-03,Monday,lunch,0,622,606,276.65,264.06,12.59,4.55,0,271.98
2025-11-03,Monday,dinner,0,541,539,248.69,203.84,44.85,18.03,1,209.96
2025-11-04,Tuesday,breakfast,0,491,477,154.84,148.65,6.19,4.0,0,153.11
2025-11-04,Tuesday,lunch,0,634,649,291.47,265.82,25.65,8.8,0,273.79
2025-11-04,Tuesday,dinner,0,524,517,247.35,178.42,68.93,27.87,1,183.77
2025-11-05,Wednesday,breakfast,0,477,417,154.89,125.07,29.82,19.25,1,128.82
2025-11-05,Wednesday,lunch,0,606,575,264.87,220.21,44.66,16.86,1,226.82
2025-11-05,Wednesday,dinner,0,517,486,246.14,114.75,131.39,53.38,1,118.19
2025-11-06,Thursday,breakfast,0,454,479,143.14,92.63,50.51,35.29,1,95.41
2025-11-06,Thursday,lunch,0,617,578,277.47,182.75,94.72,34.14,1,188.23
2025-11-06,Thursday,dinner,0,533,565,251.87,212.62,39.25,15.58,1,219.0
2025-11-07,Friday,breakfast,0,434,410,136.76,128.27,8.49,6.21,0,132.12
2025-11-07,Friday,lunch,0,571,563,249.11,239.15,9.96,4.0,0,246.32
2025-11-07,Friday,dinner,0,461,424,218.39,123.25,95.14,43.56,1,126.95
2025-11-08,Saturday,breakfast,0,255,254,78.74,68.23,10.51,13.35,1,70.28
2025-11-08,Saturday,lunch,0,349,351,152.72,121.63,31.09,20.36,1,125.28
2025-11-08,Saturday,dinner,0,285,297,133.18,127.85,5.33,4.0,0,131.69
2025-11-09,Sunday,breakfast,1,385,385,118.12,113.4,4.72,4.0,0,116.8
2025-11-09,Sunday,lunch,1,491,521,218.86,210.11,8.75,4.0,0,216.41
2025-11-09,Sunday,dinner,1,421,425,199.06,161.48,37.58,18.88,1,166.32
2025-11-10,Monday,breakfast,0,438,424,135.46,102.84,32.62,24.08,1,105.93
2025-11-10,Monday,lunch,0,648,691,288.78,246.34,42.44,14.7,1,253.73
2025-11-10,Monday,dinner,0,519,480,240.36,204.76,35.6,14.81,1,210.9
2025-11-11,Tuesday,breakfast,0,477,467,144.39,138.61,5.78,4.0,0,142.77
2025-11-11,Tuesday,lunch,0,626,622,281.74,270.47,11.27,4.0,0,278.58
2025-11-11,Tuesday,dinner,0,537,567,260.39,249.97,10.42,4.0,0,257.47
2025-11-12,Wednesday,breakfast,0,442,435,135.85,130.42,5.43,4.0,0,134.33
2025-11-12,Wednesday,lunch,0,640,640,281.38,270.12,11.26,4.0,0,278.22
2025-11-12,Wednesday,dinner,0,525,503,241.84,151.66,90.18,37.29,1,156.21
2025-11-13,Thursday,breakfast,0,448,450,144.85,139.06,5.79,4.0,0,143.23
2025-11-13,Thursday,lunch,0,582,604,269.41,258.63,10.78,4.0,0,266.39
2025-11-13,Thursday,dinner,0,487,480,231.89,219.44,12.45,5.37,0,226.02
2025-11-14,Friday,breakfast,0,433,433,133.97,89.61,44.36,33.11,1,92.3
2025-11-14,Friday,lunch,0,572,544,260.74,201.24,59.5,22.82,1,207.28
2025-11-14,Friday,dinner,0,426,408,204.45,153.13,51.32,25.1,1,157.72
2025-11-15,Saturday,breakfast,0,238,246,75.98,50.33,25.65,33.76,1,51.84
2025-11-15,Saturday,lunch,0,301,300,131.08,106.88,24.2,18.46,1,110.09
2025-11-15,Saturday,dinner,0,259,244,124.52,96.03,28.49,22.88,1,98.91
2025-11-16,Sunday,breakfast,0,256,248,81.37,74.69,6.68,8.21,0,76.93
2025-11-16,Sunday,lunch,0,325,330,143.85,138.1,5.75,4.0,0,142.24
2025-11-16,Sunday,dinner,0,274,259,127.16,109.31,17.85,14.04,1,112.59
2025-11-17,Monday,breakfast,0,444,450,135.63,123.1,12.53,9.24,0,126.79
2025-11-17,Monday,lunch,0,589,624,269.75,258.96,10.79,4.0,0,266.73
2025-11-17,Monday,dinner,0,492,500,237.36,224.07,13.29,5.6,0,230.79
2025-11-18,Tuesday,breakfast,0,420,437,129.38,124.2,5.18,4.0,0,127.93
2025-11-18,Tuesday,lunch,0,578,580,250.69,224.91,25.78,10.28,0,231.66
2025-11-18,Tuesday,dinner,0,529,519,242.95,233.23,9.72,4.0,0,240.23
2025-11-19,Wednesday,breakfast,0,436,462,133.69,128.34,5.35,4.0,0,132.19
2025-11-19,Wednesday,lunch,0,613,586,281.07,269.83,11.24,4.0,0,277.92
2025-11-19,Wednesday,dinner,0,501,522,229.03,219.87,9.16,4.0,0,226.47
2025-11-20,Thursday,breakfast,0,449,427,144.62,138.84,5.78,4.0,0,143.01
2025-11-20,Thursday,lunch,0,562,571,250.12,230.89,19.23,7.69,0,237.82
2025-11-20,Thursday,dinner,0,491,456,226.82,216.84,9.98,4.4,0,223.35
2025-11-21,Friday,breakfast,0,382,387,122.15,88.57,33.58,27.49,1,91.23
2025-11-21,Friday,lunch,0,507,507,234.86,194.76,40.1,17.07,1,200.6
2025-11-21,Friday,dinner,0,408,381,189.79,87.42,102.37,53.94,1,90.04
2025-11-22,Saturday,breakfast,0,253,253,79.38,76.2,3.18,4.01,0,78.49
2025-11-22,Saturday,lunch,0,308,306,139.59,93.88,45.71,32.75,1,96.7
2025-11-22,Saturday,dinner,0,300,320,138.05,125.84,12.21,8.84,0,129.62
2025-11-23,Sunday,breakfast,0,243,255,75.76,50.29,25.47,33.62,1,51.8
2025-11-23,Sunday,lunch,0,305,306,134.89,129.49,5.4,4.0,0,133.37
2025-11-23,Sunday,dinner,0,280,278,130.25,89.34,40.91,31.41,1,92.02
2025-11-24,Monday,breakfast,0,414,423,126.75,121.68,5.07,4.0,0,125.33
2025-11-24,Monday,lunch,0,569,573,253.65,230.37,23.28,9.18,0,237.28
2025-11-24,Monday,dinner,0,457,428,216.84,135.13,81.71,37.68,1,139.18
2025-11-25,Tuesday,breakfast,0,409,415,124.01,113.99,10.02,8.08,0,117.41
2025-11-25,Tuesday,lunch,0,551,535,245.86,236.03,9.83,4.0,0,243.11
2025-11-25,Tuesday,dinner,0,478,526,230.66,213.1,17.56,7.61,0,219.49
2025-11-26,Wednesday,breakfast,1,449,448,145.7,132.08,13.62,9.35,0,136.04
2025-11-26,Wednesday,lunch,1,542,564,243.48,233.74,9.74,4.0,0,240.75
2025-11-26,Wednesday,dinner,1,463,430,222.76,165.03,57.73,25.92,1,169.98
2025-11-27,Thursday,breakfast,0,437,426,132.15,96.62,35.53,26.89,1,99.52
2025-11-27,Thursday,lunch,0,541,547,238.76,175.29,63.47,26.58,1,180.55
2025-11-27,Thursday,dinner,0,436,409,210.6,171.32,39.28,18.65,1,176.46
2025-11-28,Friday,breakfast,0,393,378,127.24,99.94,27.3,21.46,1,102.94
2025-11-28,Friday,lunch,0,497,488,219.44,168.25,51.19,23.33,1,173.3
2025-11-28,Friday,dinner,0,415,407,197.1,179.16,17.94,9.1,0,184.53
2025-11-29,Saturday,breakfast,1,336,357,102.19,96.34,5.85,5.72,0,99.23
2025-11-29,Saturday,lunch,1,447,482,206.48,194.78,11.7,5.67,0,200.62
2025-11-29,Saturday,dinner,1,373,376,172.75,135.49,37.26,21.57,1,139.55
2025-11-30,Sunday,breakfast,0,198,207,60.58,34.85,25.73,42.47,1,35.9
2025-11-30,Sunday,lunch,0,286,293,126.39,121.33,5.06,4.0,0,124.97
2025-11-30,Sunday,dinner,0,258,268,118.38,113.64,4.74,4.0,0,117.05
2025-12-01,Monday,breakfast,0,396,397,123.1,101.17,21.93,17.81,1,104.21
2025-12-01,Monday,lunch,0,550,546,238.36,228.83,9.53,4.0,0,235.69
2025-12-01,Monday,dinner,0,461,433,223.79,194.09,29.7,13.27,1,199.91
2025-12-02,Tuesday,breakfast,0,402,428,124.65,107.74,16.91,13.57,1,110.97
2025-12-02,Tuesday,lunch,0,527,539,230.13,220.92,9.21,4.0,0,227.55
2025-12-02,Tuesday,dinner,0,485,454,230.35,155.47,74.88,32.51,1,160.13
2025-12-03,Wednesday,breakfast,0,393,385,124.09,99.27,24.82,20.0,1,102.25
2025-12-03,Wednesday,lunch,0,574,566,252.33,214.95,37.38,14.81,1,221.4
2025-12-03,Wednesday,dinner,0,487,453,230.74,159.02,71.72,31.08,1,163.79
2025-12-04,Thursday,breakfast,0,441,430,137.99,131.87,6.12,4.44,0,135.83
2025-12-04,Thursday,lunch,0,540,553,235.18,210.32,24.86,10.57,0,216.63
2025-12-04,Thursday,dinner,0,484,457,220.45,211.63,8.82,4.0,0,217.98
2025-12-05,Friday,breakfast,0,344,354,107.01,89.63,17.38,16.24,1,92.32
2025-12-05,Friday,lunch,0,490,463,216.5,183.94,32.56,15.04,1,189.46
2025-12-05,Friday,dinner,0,427,462,206.38,198.12,8.26,4.0,0,204.06
2025-12-06,Saturday,breakfast,1,378,369,122.07,95.4,26.67,21.85,1,98.26
2025-12-06,Saturday,lunch,1,418,387,190.74,163.65,27.09,14.2,1,168.56
2025-12-06,Saturday,dinner,1,371,382,179.27,172.1,7.17,4.0,0,177.26
2025-12-07,Sunday,breakfast,0,196,194,62.54,52.93,9.61,15.37,1,54.52
2025-12-07,Sunday,lunch,0,318,322,141.9,126.83,15.07,10.62,0,130.63
2025-12-07,Sunday,dinner,0,213,211,103.13,99.0,4.13,4.0,0,101.97
2025-12-08,Monday,breakfast,0,421,409,131.4,126.14,5.26,4.0,0,129.92
2025-12-08,Monday,lunch,0,544,571,248.83,233.87,14.96,6.01,0,240.89
2025-12-08,Monday,dinner,0,480,498,231.36,222.11,9.25,4.0,0,228.77
2025-12-09,Tuesday,breakfast,0,403,400,125.5,100.91,24.59,19.59,1,103.94
2025-12-09,Tuesday,lunch,0,591,569,267.32,256.63,10.69,4.0,0,264.33
2025-12-09,Tuesday,dinner,0,481,463,227.0,173.25,53.75,23.68,1,178.45
2025-12-10,Wednesday,breakfast,0,396,393,121.67,116.8,4.87,4.0,0,120.3
2025-12-10,Wednesday,lunch,0,552,567,246.86,228.83,18.03,7.3,0,235.69
2025-12-10,Wednesday,dinner,0,489,464,229.15,219.98,9.17,4.0,0,226.58
2025-12-11,Thursday,breakfast,0,411,404,124.3,119.33,4.97,4.0,0,122.91
2025-12-11,Thursday,lunch,0,532,536,232.43,223.13,9.3,4.0,0,229.82
2025-12-11,Thursday,dinner,0,486,523,232.39,151.55,80.84,34.79,1,156.1
2025-12-12,Friday,breakfast,0,393,381,126.74,110.42,16.32,12.88,1,113.73
2025-12-12,Friday,lunch,0,494,474,226.3,142.8,83.5,36.9,1,147.08
2025-12-12,Friday,dinner,0,456,482,212.05,199.5,12.55,5.92,0,205.49
2025-12-13,Saturday,breakfast,1,346,353,106.04,77.52,28.52,26.9,1,79.85
2025-12-13,Saturday,lunch,1,442,448,199.93,191.93,8.0,4.0,0,197.69
2025-12-13,Saturday,dinner,1,368,356,167.44,160.74,6.7,4.0,0,165.56
2025-12-14,Sunday,breakfast,0,193,196,60.25,57.84,2.41,4.0,0,59.58
2025-12-14,Sunday,lunch,0,309,320,136.05,120.95,15.1,11.1,0,124.58
2025-12-14,Sunday,dinner,0,248,278,117.5,112.8,4.7,4.0,0,116.18
2025-12-15,Monday,breakfast,0,414,391,130.92,110.99,19.93,15.22,1,114.32
2025-12-15,Monday,lunch,0,565,528,256.13,223.22,32.91,12.85,1,229.92
2025-12-15,Monday,dinner,0,505,546,237.38,150.66,86.72,36.53,1,155.18
2025-12-16,Tuesday,breakfast,0,431,400,138.11,113.8,24.31,17.6,1,117.21
2025-12-16,Tuesday,lunch,0,604,580,269.39,247.43,21.96,8.15,0,254.85
2025-12-16,Tuesday,dinner,0,447,459,216.62,186.53,30.09,13.89,1,192.13
2025-12-17,Wednesday,breakfast,0,384,384,122.46,106.95,15.51,12.67,1,110.16
2025-12-17,Wednesday,lunch,0,557,573,240.84,221.21,19.63,8.15,0,227.85
2025-12-17,Wednesday,dinner,0,515,524,242.0,232.32,9.68,4.0,0,239.29
2025-12-18,Thursday,breakfast,0,435,432,135.73,86.49,49.24,36.28,1,89.08
2025-12-18,Thursday,lunch,0,561,578,245.85,236.02,9.83,4.0,0,243.1
2025-12-18,Thursday,dinner,0,485,487,221.94,181.56,40.38,18.19,1,187.01
2025-12-19,Friday,breakfast,0,385,373,123.7,94.73,28.97,23.42,1,97.57
2025-12-19,Friday,lunch,0,484,482,218.03,176.83,41.2,18.9,1,182.13
2025-12-19,Friday,dinner,0,402,417,186.61,167.07,19.54,10.47,0,172.08
2025-12-20,Saturday,breakfast,0,221,223,71.61,58.8,12.81,17.89,1,60.56
2025-12-20,Saturday,lunch,0,349,362,153.95,128.97,24.98,16.23,1,132.84
2025-12-20,Saturday,dinner,0,312,337,144.48,138.7,5.78,4.0,0,142.86
2025-12-21,Sunday,breakfast,0,249,246,75.61,72.59,3.02,3.99,0,74.77
2025-12-21,Sunday,lunch,0,318,332,139.92,134.32,5.6,4.0,0,138.35
2025-12-21,Sunday,dinner,0,289,283,136.52,100.23,36.29,26.58,1,103.24
2025-12-22,Monday,breakfast,0,437,466,132.93,92.43,40.5,30.47,1,95.2
2025-12-22,Monday,lunch,0,592,597,266.65,246.71,19.94,7.48,0,254.11
2025-12-22,Monday,dinner,0,475,463,229.5,220.32,9.18,4.0,0,226.93
2025-12-23,Tuesday,breakfast,0,455,461,143.95,119.95,24.0,16.67,1,123.55
2025-12-23,Tuesday,lunch,0,571,592,252.17,242.08,10.09,4.0,0,249.34
2025-12-23,Tuesday,dinner,0,510,492,239.46,226.03,13.43,5.61,0,232.81
2025-12-24,Wednesday,breakfast,0,416,414,130.16,110.83,19.33,14.85,1,114.15
2025-12-24,Wednesday,lunch,0,582,573,255.21,215.19,40.02,15.68,1,221.65
2025-12-24,Wednesday,dinner,0,530,520,241.02,220.21,20.81,8.63,0,226.82
2025-12-25,Thursday,breakfast,0,471,465,151.77,132.05,19.72,12.99,1,136.01
2025-12-25,Thursday,lunch,0,576,570,264.12,253.56,10.56,4.0,0,261.17
2025-12-25,Thursday,dinner,0,482,516,233.83,183.8,50.03,21.4,1,189.31
2025-12-26,Friday,breakfast,0,378,397,122.18,117.29,4.89,4.0,0,120.81
2025-12-26,Friday,lunch,0,549,532,250.14,207.64,42.5,16.99,1,213.87
2025-12-26,Friday,dinner,0,444,422,216.06,145.06,71.0,32.86,1,149.41
2025-12-27,Saturday,breakfast,0,274,286,88.85,85.3,3.55,4.0,0,87.86
2025-12-27,Saturday,lunch,0,320,336,140.09,130.63,9.46,6.75,0,134.55
2025-12-27,Saturday,dinner,0,303,291,141.45,100.13,41.32,29.21,1,103.13
2025-12-28,Sunday,breakfast,0,291,278,88.38,84.84,3.54,4.01,0,87.39
2025-12-28,Sunday,lunch,0,326,295,142.58,97.5,45.08,31.62,1,100.42
2025-12-28,Sunday,dinner,0,248,249,119.86,93.5,26.36,21.99,1,96.31
2025-12-29,Monday,breakfast,0,460,434,145.95,140.11,5.84,4.0,0,144.31
2025-12-29,Monday,lunch,0,592,596,255.88,144.68,111.2,43.46,1,149.02
2025-12-29,Monday,dinner,0,536,570,243.82,234.07,9.75,4.0,0,241.09
2025-12-30,Tuesday,breakfast,0,456,457,147.19,65.96,81.23,55.19,1,67.94
2025-12-30,Tuesday,lunch,0,622,672,284.58,263.53,21.05,7.4,0,271.44
2025-12-30,Tuesday,dinner,0,540,476,262.48,182.76,79.72,30.37,1,188.24
2025-12-31,Wednesday,breakfast,0,449,454,144.46,109.74,34.72,24.03,1,113.03
2025-12-31,Wednesday,lunch,0,612,544,281.57,260.67,20.9,7.42,0,268.49
2025-12-31,Wednesday,dinner,0,531,518,250.81,150.05,100.76,40.17,1,154.55
